rank,domain,url,title,language,country_code,country,wordpress_version,theme,child_theme,plugins,plugin_count,ecommerce,page_builder,seo_plugin,multilingual,hosting,web_server,confidence,last_checked
42996,countyconnection.com,https://countyconnection.com/,County Connection,en-us,,,7.1.2,cccta,,,0,,,,,WP Engine,cloudflare,high,2026-09-30
45423,ayoa.com,https://www.ayoa.com/,Mind Mapping Software - Create Organic Mind Maps with Ayoa,en-us,,,7.1.2,,,accessibility-widget;animate-on-scroll;ayoa-pricing;easy-fancybox;faq-schema-for-pages-and-posts;gtranslate;wp-rocket,7,,,,GTranslate,,cloudflare,high,2026-09-30
59934,unionporelperu.org,https://unionporelperu.org/,Union Porel Peru -,en-us,,,7.1.2,ffashion,,,0,,,Rank Math,,,Apache,high,2026-09-30
69011,beisia.co.jp,https://www.beisia.co.jp/,ベイシア – 豊かな暮らしのパートナー,ja,JP,Japan,7.1.2,beisia_v1,,contact-form-7,1,,,Yoast SEO,,,nginx,high,2026-09-30
76127,ekokari.jp,https://ekokari.jp/,【2026年5月最新】ネットオリパ情報 【EkoKari】 - オンラインオリパのリアルな口コミを届けるメディア,ja,JP,Japan,7.1.2,yeah-otoku,,,0,,,Rank Math,,,LiteSpeed,high,2026-09-30
124983,nccoast.org,https://www.nccoast.org/,North Carolina Coastal Federation | Working Together for a Healthy Coast,en-us,,,,nc-coastal-fed,,events-calendar-pro;pt-content-views-pro;the-events-calendar;youtube-embed-plus,4,,,Yoast SEO,,,Apache,high,2026-09-30
133311,58wini.com,https://58wini.com/,58WIN - Thiên Đường Trò Chơi Cá Cược Khuyến Mãi 588K,vi,,,7.1.2,flatsome,,wp-rocket,1,,,Rank Math,,,cloudflare,high,2026-09-30
133523,tuvis.com,https://tuvis.com/,Tuvis | Ensure the protection of communication,en-us,,,7.1.2,,,,0,,Elementor,Yoast SEO,,,cloudflare,high,2026-09-30
137267,cultuar.es,https://cultuar.es/,Cultuar | Digitalización de Destinos Turísticos Inteligentes,es,ES,Spain,,divi,,complianz-gdpr;cookie-notice;popups-for-divi,3,,Divi,,,,cloudflare,high,2026-09-30
154931,mobielewebsitemaken.be,https://mobielewebsitemaken.be/,Mobiele Website Maken - Versterk Uw Online Aanwezigheid,nl-be,BE,Belgium,,astra,,breeze;burst-statistics;complianz-gdpr,3,,,Yoast SEO,,,cloudflare,high,2026-09-30
157563,seguetech.com,https://www.seguetech.com/,Segue Technologies,en-us,,,,yoko-segue,,bb-plugin;bbpowerpack;cookie-law-info;google-analytics-for-wordpress;toolset-blocks;ultimate-posts-widget;wp-slick-slider-and-image-carousel,7,,Beaver Builder,Yoast SEO,,WP Engine,cloudflare,high,2026-09-30
160267,wowza.com,https://www.wowza.com/,Video Streaming Server | Media Server for Builders | Wowza,en-us,,,6.9.8,wowza,,,0,,,Yoast SEO,,WP Engine,cloudflare,high,2026-09-30
174694,top-platz.de,https://top-platz.de/,Startseite 2026 - Top-Platz.de,de,DE,Germany,7.1.2,flatsome,flatsome-child,borlabs-cookie;contact-form-7;woocommerce;woocommerce-german-market,4,WooCommerce,,Yoast SEO,,,nginx,high,2026-09-30
185330,amap-hdf.org,https://www.amap-hdf.org/,AMAP HDF – Le réseau des AMAP Hauts-de-France,fr-fr,,,7.1.2,avada,,clicamap-carte;contact-form-7;fusion-builder;fusion-core,4,,Avada,,,,nginx,high,2026-09-30
190369,taect.org.tw,https://taect.org.tw/,台灣教育傳播暨科技學會 – 台灣教育傳播暨科技學會為一由全國各大專院校的教育科技、資訊科技、傳播科技等相關系所的教授暨研究人員，結合中小學教學現場的教師同仁，所組成的教育学術圖腔。 宗旨以研究、倡導及推廣教育料技與視聽傳播為宗旨。,zh-tw,TW,Taiwan,7.1.2,dacnis,,astra-sites;complianz-gdpr;kubio-pro;translatepress-multilingual;wp-statistics,5,,,,TranslatePress,,LiteSpeed,high,2026-09-30
205334,experiencehaus.com,https://experiencehaus.com/,AI-First Service and Workflow Redesign | Experience Haus,en-us,,,7.1.1,experiencehaus-2023,,complianz-gdpr;contact-form-7;event-tickets;events-calendar-pro;sassy-social-share;smart-phone-addon-for-ninja-forms;sticky-menu-or-anything-on-scroll;ubermenu;woocommerce;woocommerce-google-analytics-integration,10,WooCommerce,,Yoast SEO,,WP Engine,cloudflare,high,2026-09-30
219544,exploren.com.au,https://exploren.com.au/,EV Charging Network in Australia | Exploren,,AU,Australia,,wp-theme,,gravityforms,1,,,Rank Math,,,cloudflare,high,2026-09-30
223050,midhudsonnews.com,https://midhudsonnews.com/,Hudson Valley News - Daily Breaking Stories | Mid Hudson News,en-us,,,6.9.9,hello-elementor,,advanced-ads;advanced-ads-pro;advanced-ads-tracking;awesome-weather;elementor;elementor-pro;metronet-profile-picture;onesignal-free-web-push-notifications;wp-rocket,9,,Elementor,Yoast SEO,,,cloudflare,high,2026-09-30
234127,r-19.com,https://www.r-19.com/,"Business Phone Systems Company NJ, VOIP Provider, SIP Trunk, Virtual PBX",en-us,,,,u-design,,fancier-author-box,1,,,,,,Apache,high,2026-09-30
281226,arsanara.id,https://arsanara.id/,Arsanara Development Partner,id,ID,Indonesia,7.0.6,astra,,ameliabooking;elementor;elementor-pro;essential-addons-for-elementor-lite;jetwoo-widgets-for-elementor;popup-maker;powerpack-elements;woo-xendit-virtual-accounts;woocommerce,9,WooCommerce,Elementor,Yoast SEO,,Hostinger,hcdn,high,2026-09-30
302941,dolutech.com,https://dolutech.com/,"Dolutech: Tecnologia, Cibersegurança, WordPress, IA E Guias.",pt-br,,,,hello-elementor,,addon-elements-for-elementor-page-builder;complianz-gdpr;elementor;elementor-pro;essential-addons-for-elementor-lite;seo-by-rank-math-pro,6,,Elementor,Rank Math,,,nginx,high,2026-09-30
326601,jili7ph.org,https://jili7ph.org/,JILI7: 7 Bold Methods for Peak Dominance,en-us,,,7.1.2,flatsome,,customize-post-categories-for-ux-builder,1,,,Rank Math,,,cloudflare,high,2026-09-30
339559,parup.golf,https://parup.golf/,The HOME of Golf Groups & Societies | ParUp Golf,en-gb,,,7.0.5,parup,,,0,,,Yoast SEO,,WP Engine,cloudflare,high,2026-09-30
355388,leerkrachtig.be,https://leerkrachtig.be/,Home - Leerkrachtig CKSA - Ben jij ook leerkrachtig?,nl-nl,BE,Belgium,7.1.2,hello-elementor,,cookie-law-info;elementor;elementor-pro,3,,Elementor,Yoast SEO,,,nginx,high,2026-09-30
365108,callroadsideassistance.com,https://callroadsideassistance.com/,Call Roadside Assistance - Call Roadside Assistance,en-us,,,7.1.2,jupiterx,jupiterx-child,breeze;dynamic-content-for-elementor;elementor;elementor-pro;formidable;jet-elements;jet-engine;jet-search;jet-tabs;jupiterx-core;sellkit;sellkit-pro;voice-search,13,,Elementor,Yoast SEO,,,nginx,high,2026-09-30
368855,geocurrents.info,https://www.geocurrents.info/,Home - GeoCurrents,en-us,,,6.8.3,astra,,download-monitor;easy-fancybox;email-subscribers;ga-in;ultimate-addons-for-gutenberg;wp-blog-post-layouts;wp-geo;wp-geo-big-map;wp-pagenavi,9,,Spectra,Yoast SEO,,,nginx,high,2026-09-30
392228,solucionespetabyte.com,https://solucionespetabyte.com/,Home - Soluciones Petabyte,es,,,7.1.2,twentytwentyfour,twentytwentyfour-child,woocommerce,1,WooCommerce,,Rank Math,,,cloudflare,high,2026-09-30
462349,libyareview.com,https://libyareview.com/,LibyaReview,en-us,,,7.1.2,jnews,,elementor;jnews-social-login;jnews-weather,3,,Elementor,Yoast SEO,,,cloudflare,high,2026-09-30
464188,datastori.es,https://datastori.es/,Data Stories – A podcast on data visualization with Enrico Bertini and Moritz Stefaner,en-us,ES,Spain,7.1.2,make,,podlove-podcasting-plugin-for-wordpress;podlove-web-player;query-shortcode;wp-tiles,4,,,,,,Apache,high,2026-09-30
465599,actualitix.com,https://www.actualitix.com/,"Actualitix - Blog sur le tourisme, les voyages ou les cartes",fr-fr,,,7.1.2,jannah,,divi-builder;monarch,2,,Divi,Yoast SEO,,,,high,2026-09-30
484708,doremus.org,https://www.doremus.org/,Doremus – DOing REusable MUSical data,en-gb,,,4.8.9,spacious,,,0,,,,,,nginx,high,2026-09-30
501943,sbstatesman.com,https://sbstatesman.com/,The Statesman – The Student News Site of Stony Brook University,en-us,,,7.1.2,snoflex,,,0,,,,,,cloudflare,high,2026-09-30
506437,blancco.com,https://blancco.com/,"Data Erasure Software for Enterprises, ITAD & Mobile | Blancco",en-us,,,7.1,blancco-child-en-only,,hubspot-content-embed,1,,,Yoast SEO,,Kinsta,cloudflare,high,2026-09-30
541394,pisigmaalpha.org,https://pisigmaalpha.org/,Pi Sigma Alpha – The National Political Science Honor Society,en-us,,,7.1.2,bizberg,,allow-webp-image;elementor;elementor-pro;essential-addons-for-elementor-lite;header-footer-elementor;searchwp-live-ajax-search;sign-in-with-google;smart-slider-3;stop-user-enumeration,9,,Elementor,,,Kinsta,cloudflare,high,2026-09-30
541758,odpady-online.cz,https://odpady-online.cz/,Odpady – časopis o nakládání s odpady a o životním prostředí,cs,CZ,Czech Republic,,odpady-online.cz,,3d-flipbook-dflip-lite;adsanity;adsanity-google-analytics-tracking-integration;adsanity-rotating-ad-widget;gdpr-cookie-compliance;oxygen;piotnetforms-pro;post-voting-master;the-events-calendar;wp-polls;wp-user-manager,11,,Oxygen,,,,Apache,high,2026-09-30
550986,musichall.co.nz,https://www.musichall.co.nz/,NZ Music Hall of Fame,en-us,NZ,New Zealand,7.0.6,bouncy-wp,,contact-form-7;ml-slider,2,,,,,,nginx,high,2026-09-30
553678,esch2022.lu,https://esch2022.lu/en/,Esch2022 - European Capital of Culture - Esch2022,en-us,LU,Luxembourg,,sage-8.5.1,,complianz-gdpr;form-maker;sitepress-multilingual-cms;tablepress;wp-paginate,5,,,Yoast SEO,WPML,,Apache,high,2026-09-30
554007,druskininkai.lt,https://druskininkai.lt/,Atraskite Druskininkus | Druskininkų turizmo ir informacijos centras,lt,LT,Lithuania,7.1.2,pictureideas,,add-to-any;readabler,2,,,Yoast SEO,,,nginx,high,2026-09-30
558361,roman-britain.org,https://www.roman-britain.org/,Roman Britain - Organisation,en,,,,asap,,contact-form-7;cookie-law-info,2,,,Rank Math,,,cloudflare,high,2026-09-30
570148,innewsweekly.com,https://innewsweekly.com/,Career Ideas & Job Searches - In News Weekly,en-us,,,7.0.6,findus,findus-child,apus-findus;breeze;easy-table-of-contents;elementor;elementor-pro;wp-first-letter-avatar;wp-job-manager;wp-private-message,8,,Elementor,Rank Math,,,cloudflare,high,2026-09-30
576425,sgstyleblog.com,https://sgstyleblog.com/,SG Style - a design & lifestyle blog by Shavonda Gardner,en-us,,,7.1.2,uptown-theme.v.2.1,,contact-form-7;genesis-responsive-slider;genesis-simple-share;instagram-feed;jquery-pin-it-button-for-images;newsletter;simple-social-icons,7,,,Yoast SEO,,,Apache,high,2026-09-30
590401,geekjunior.fr,https://www.geekjunior.fr/,"Geek Junior - Le webmag des ados connectés. Apps, jeux vidéos",fr-fr,FR,France,7.0.2,discussionwp,discussionwp-child,ays-popup-box;contact-form-7;cookie-law-info;epic-review;js_composer;mailjet-for-wordpress;revslider;wp-paginate;wp-rocket,9,,WPBakery,Yoast SEO,,,Apache,high,2026-09-30
599684,gettingoverit-apk.com,https://gettingoverit-apk.com/,GettingOverit-apk.com,en-us,,,7.1.2,pridmag,,,0,,,,,Hostinger,hcdn,high,2026-09-30
613646,tsukimichi.com,https://tsukimichi.com/,TVアニメ『月が導く異世界道中 第二幕』,ja,,,,,,,0,,,,,,nginx,high,2026-09-30
619459,frenchly.us,https://frenchly.us/,Home frenchly - Frenchly,en-us,US,United States,,fm,,bdthemes-element-pack;ele-custom-skin;elementor;elementor-pro;elementskit-lite;embedpress;jet-engine;jet-menu;jet-tricks,9,,Elementor,,,,cloudflare,high,2026-09-30
644649,topnewsrussia.ru,https://topnewsrussia.ru/,Красная Армия — Геополитическое обозрение,ru-ru,RU,Russia,7.1.2,generatepress,,hide-metadata;nofollow-free;theia-sticky-sidebar,3,,,Yoast SEO,,,nginx,high,2026-09-30
648763,kokenmetmaarten.nl,https://www.kokenmetmaarten.nl/,,nl-nl,NL,Netherlands,,,,,0,,,,,,cloudflare,high,2026-09-30
652968,asteiatoras.gr,https://www.asteiatoras.gr/,Ανέκδοτα - Ευχές για Γιορτή - Χρόνια Πολλά | Αστειάτορας,el,GR,Greece,,basic,,add-to-any,1,,,Yoast SEO,,,nginx,high,2026-09-30
666272,startsomegood.com,https://startsomegood.com/,StartSomeGood,en-us,,,,astra,,astra-sites;elementor;popup-maker;ultimate-post,4,,Elementor,,,,cloudflare,high,2026-09-30
679217,polemia.com,https://www.polemia.com/,"Polémia | Parce que Polemos, le conflit, est inséparable de la vie",fr-fr,,,,divi,divi-child,wp-search-with-algolia,1,,Divi,Yoast SEO,,,,high,2026-09-30
694755,kaaoszine.fi,https://kaaoszine.fi/,Kaaoszine,fi,FI,Finland,7.0.6,kaaos,,add-to-any;adrotate-pro;contact-form-7;kz_view_counter;mailchimp-for-wp;simple-lightbox;wp-user-avatar,7,,,Yoast SEO,,,nginx,high,2026-09-30
717276,nbs.ar,https://nbs.ar/,"NBS | Revista de Negocios, Bancos y Seguros",es,AR,Argentina,,divi,,brain-conkit;contact-form-7;dflip;responsivevoice-text-to-speech;wpcf7-redirect,5,,Divi,Yoast SEO,,,cloudflare,high,2026-09-30
730963,luxuryboutiquemagazine.com,https://luxuryboutiquemagazine.com/,,en-gb,,,6.8.1,property,,cleantalk-spam-protect;contact-form-7;google-language-translator,3,,,,,,Apache,high,2026-09-30
736511,baseballroundtable.com,https://baseballroundtable.com/,Baseball Roundtable - Baseball's like life-only better,en-us,,,,lifestyle,,contact-form-7;wp-inject,2,,,Yoast SEO,,,Apache,high,2026-09-30
762702,verekeskus.ee,https://verekeskus.ee/,Põhja-Eesti Regionaalhaigla Verekeskus – Põhja-Eesti Regionaalhaigla Verekeskus,et,EE,Estonia,5.7.2,verekeskus,,booked;cookie-notice;official-facebook-pixel;sitepress-multilingual-cms;vfb-pro,5,,,,WPML,,Apache,high,2026-09-30
766111,parquedelamemoria.org.ar,https://parquedelamemoria.org.ar/,Parque de la Memoria,es-ar,AR,Argentina,6.6.9,wp-bootstrap-starter,,cookie-notice;elementor;elementor-pro;google-analytics-for-wordpress;miniorange-openid-connect-client;wpfront-scroll-top,6,,Elementor,Yoast SEO,,,Apache,high,2026-09-30
774890,adhduk.co.uk,https://adhduk.co.uk/,ADHD UK - Homepage - ADHD UK,en-gb,GB,United Kingdom,,divi,,adhd-uk-form-theme;category-ajax-filter-pro;complianz-gdpr-premium;divi-mega-pro;gravityflowchecklists;gravityforms;gravityformssurvey;gwreadonly,8,,Divi,Rank Math,,WordPress.com / VIP,nginx,high,2026-09-30
783707,fistulafirst.org,https://www.fistulafirst.org/,Fistula First Initiative (FFBI) | AV Fistula in Hemodialysis,en-us,,,7.1.2,17f98qcb3a2caeo6o47sw607451,,,0,,,Yoast SEO,,,cloudflare,high,2026-09-30
794722,kalashnikov.ru,https://www.kalashnikov.ru/,"Оружейный журнал ""Калашников""",ru-ru,RU,Russia,7.1.2,hello-elementor,hello-elementor-child,3d-flipbook-dflip-lite;all-in-one-seo-pack;complianz-gdpr;elementor;elementor-pro;honeypot;ml-slider;photo-gallery;sticky-header-effects-for-elementor;wp-yandex-metrika,10,,Elementor,All in One SEO,,,ddos-guard,high,2026-09-30
803389,showmensmuseum.org,https://showmensmuseum.org/,Things to do in Riverview Florida Visit The Showmen's Museum,en,,,,outreach-pro,,easy-facebook-likebox;genesis-responsive-slider;subscriptions-for-woocommerce;woocommerce;woocommerce-payments;wp-photo-album-plus;youtube-video-player,7,WooCommerce,,Yoast SEO,,,Apache,high,2026-09-30
820604,literatura.org,https://literatura.org/,Literatura,en-au,,,6.8.3,astra,,elementor;elementor-pro;hardypress;header-footer-elementor,4,,Elementor,,,,BunnyCDN-ASB1-1503,high,2026-09-30
831748,raymondscott.net,https://www.raymondscott.net/,"Raymond Scott: Composer, inventor, pianist, visionary",,,,,raymondscott,,easy-fancybox;quotes-collection;simple-pull-quote,3,,,Yoast SEO,,,Apache,high,2026-09-30
834906,lessig2016.us,https://lessig2016.us/,Larry Lessig for President 2016 – Support Lessig 2016 | Fixing democracy can't wait. Help Lessig change the way campaigns are funded Now!,en-us,US,United States,4.3.1,jupiter,,js_composer_theme,1,,,,,,AmazonS3,high,2026-09-30
877422,museum-lichtenberg.de,https://www.museum-lichtenberg.de/,Startseite - Museum Lichtenberg,de-de,DE,Germany,6.9.4,museum-lichtenberg,,borlabs-cookie;sitepress-multilingual-cms,2,,,Yoast SEO,WPML,,Apache,high,2026-09-30
883370,controluce.it,https://www.controluce.it/,Controluce portale di cultura e informazione - Notizie in Controluce,it-it,IT,Italy,7.0.6,controluce,,cookie-law-info;marqueex;woocommerce,3,WooCommerce,,Yoast SEO,,,cloudflare,high,2026-09-30
901374,actionaid.org.au,https://actionaid.org.au/,"ActionAid Australia | Empower Women, Change the World",en-gb,AU,Australia,7.0.5,action-aid,,agency-actions-kepla;cookie-law-info;forms-for-campaign-monitor;lightbox-photoswipe;wordpress-popular-posts;wp-popups-lite,6,,,Yoast SEO,,WP Engine,cloudflare,high,2026-09-30
907679,nagarimagazine.com,https://www.nagarimagazine.com/,Nagari - Una revista de creación,es-ar,,,6.4.2,,,,0,,,Yoast SEO,,,nginx,high,2026-09-30
912063,fpberlin.de,https://www.fpberlin.de/,Fischer & Partner,de,DE,Germany,5.9.18,fischerpartner,,cookie-notice;sitepress-multilingual-cms,2,,,,WPML,,Apache,high,2026-09-30
930704,cosmictriggerplay.com,https://cosmictriggerplay.com/,Performances in May 2017 - Cosmic Trigger,en-gb,,,7.1.2,cbox-theme,ct-cbox-child,bp-classic;buddypress;featured-video-plus;gdpr-cookie-compliance;mailchimp-for-wp;megamenu;photo-gallery;social-media-widget,8,,,Yoast SEO,,,Apache,high,2026-09-30
940751,moosehockey.com,https://www.moosehockey.com/,Home - Manitoba Moose Manitoba Moose,en,,,,manitobamoose,,feeds-for-youtube,1,,,Yoast SEO,,,nginx,high,2026-09-30
952823,superbike.com.br,https://superbike.com.br/,Homepage - Superbike,pt-br,BR,Brazil,7.1.2,smart-mag,,bring-races;elementor;instagram-feed;pixelyoursite,4,,Elementor,Yoast SEO,,,,high,2026-09-30
955997,onlinestoreforu.com,https://onlinestoreforu.com/,Buy Medicines Online with 100% Security | Online Store for U,en-us,,,6.8.10,best-shop,,creame-whatsapp-me;woocommerce,2,WooCommerce,,Yoast SEO,,Hostinger,hcdn,high,2026-09-30
957084,moroccoembassyin.org,https://moroccoembassyin.org/,Gambling Secrets | Card Games | Slots | Betting - moroccoembassyin.org,en-us,,,5.2.20,news-bulletin,,,0,,,,,,nginx,high,2026-09-30
967535,warszawskagazeta.pl,https://warszawskagazeta.pl/,WG – Warszawska Gazeta,pl-pl,PL,Poland,7.1.2,kadence,,elementor;elementor-pro,2,,Elementor,,,,LiteSpeed,high,2026-09-30
975340,laoistoday.ie,https://www.laoistoday.ie/,"LaoisToday.ie | Latest News, Sport & Events from County Laois",en-gb,IE,Ireland,,newsmag,,,0,,,,,,cloudflare,high,2026-09-30
981819,boursedutravail-paris.fr,https://boursedutravail-paris.fr/,Bourse du travail de Paris - C’est le grand centre du syndicalisme parisien. La Bourse du travail accueille aujourd’hui tous les salariés rencontrant des difficultés liées à leur contrat de travail. L,fr-fr,FR,France,7.1.2,hemingway,,contact-form-7;jetpack,2,,,Yoast SEO,,,Apache,high,2026-09-30
983476,africahit.com,https://africahit.com/,Africa Hit -,en-us,,,7.1.2,generatepress,,gp-premium;stop-user-enumeration;wp-captcha,3,,,Yoast SEO,,,cloudflare,high,2026-09-30
1002713,zangband.org,https://www.zangband.org/,Premium Online Casino Experience: Exciting Games and Big Wins!,en-us,,,7.0.2,newsfort,,contact-form-7;metronet-profile-picture;widget-options,3,,,,,,cloudflare,high,2026-09-30
1002915,worldwideticketing.com,https://www.worldwideticketing.com/,Vienna New Years Eve Tickets 2024 - Worldwide Ticketing,,,,6.1.14,bst,,deposits-for-woocommerce;easy-fancybox;foobox-image-lightbox;woocommerce,4,WooCommerce,,Yoast SEO,,,LiteSpeed,high,2026-09-30
1005104,talentojovencv.com,https://www.talentojovencv.com/,Premios Talento Joven de la Comunitat Valenciana - Levante-EMV,es,,,7.1.2,bricks,bricks-child,jet-engine;jetformbuilder;wp-polls,3,,Bricks,Rank Math,,,,high,2026-09-30
1007989,planetabenitez.com,https://planetabenitez.com/,J.J. Benítez - Página web oficial® - IOI,es,,,,divi,,litespeed-cache,1,,Divi,Rank Math,,,LiteSpeed,high,2026-09-30
1013069,hopeanimation.com,https://hopeanimation.com/,Hope Animation – www.hopeanimation.com,en,,,7.1.2,hope-theme,,,0,,,,,,Apache,high,2026-09-30
1025714,samphina.com.ng,https://samphina.com.ng/,Samphina Academy - Nigerian Educational Consult,en-us,NG,Nigeria,,hueman-pro,,add-link-to-copied-text;advanced-ads;metronet-profile-picture;simple-form,4,,,,,,nginx,high,2026-09-30
1047025,provolonevalpadana.it,https://www.provolonevalpadana.it/,Consorzio Tutela Provolone Valpadana: tuteliamo un’eccellenza - Consorzio Tutela Provolone Valpadana,it-it,IT,Italy,7.0.3,hello-elementor,,complianz-gdpr;elementor;elementor-pro;mailin;translatepress-developer;translatepress-multilingual;wp-google-maps,7,,Elementor,Yoast SEO,TranslatePress,,cloudflare,high,2026-09-30
1053762,gms-reisen.ch,https://www.gms-reisen.ch/,"GMS Reisen | Studienreisen, Unsere Reiseleitenden finden das Exklusive.",en,CH,Switzerland,,newspaper,newspaper-child,ajax-search-lite;modula;modula-best-grid-gallery;pdf-viewer-for-wordpress;simple-download-monitor;td-cloud-library;td-composer;td-standard-pack;wp-media-folder,9,,,,,,nginx,high,2026-09-30
1055550,eiskellerberg.tv,https://eiskellerberg.tv/,eiskellerberg.tv | Kunstkritik und Filme aus Düsseldorf,de,,,7.1.2,hello-elementor,,elementor;newsletter;pro-elements;rapidmail-newsletter-software;sassy-social-share,5,,Elementor,Rank Math,,Hostinger,hcdn,high,2026-09-30
1079250,biografix.ru,https://biografix.ru/,Краткие биографии жизни известных людей,ru-ru,RU,Russia,4.9.6,basic,,anchor_list_generator;kk-star-ratings;wp-polls,3,,,,,,BitNinja-WafPro,high,2026-09-30
1087215,ravidreams.net,https://ravidreams.net/,Automobile News 🚗 -,en-us,,,7.0.6,generatepress,,all-in-one-blogger-1;google-site-kit;taboola,3,,,Rank Math,,Hostinger,hcdn,high,2026-09-30
1092133,ladydespensersscribery.com,https://ladydespensersscribery.com/,วัน นี้ หวย ลาว สายลุ้นตัวจริงต้องลอง,en-us,,,,hello-elementor,,elementor;elementor-pro,2,,Elementor,Yoast SEO,,,cloudflare,high,2026-09-30
1098269,corbettoregon.com,https://www.corbettoregon.com/,Corbett Oregon - Corbett Oregon,en-us,,,7.1.2,kleo,kleo-child,collapsing-links;js_composer;revslider,3,,WPBakery,,,,Apache,high,2026-09-30
1101235,appleworldhellas.com,https://appleworldhellas.com/,Home - AppleWorldHellas,en,,,,newspaper,,onesignal-free-web-push-notifications;remove-uppercase-accents;td-cloud-library;td-composer;td-newsletter;td-standard-pack;td-subscription,7,,,Yoast SEO,,,nginx,high,2026-09-30
1101507,amesclum.net,https://amesclum.net/,Histoire de la culture occitane en France : origines et héritage,fr-fr,,,7.1,pixel-grove,,,0,,,Yoast SEO,,,cloudflare,high,2026-09-30
1104469,totallyrichmond.co.uk,https://www.totallyrichmond.co.uk/,Slot Sites 2026 - Best Online Slots in the UK,en-gb,GB,United Kingdom,6.9,newspaper,,,0,,,Yoast SEO,,,cloudflare,high,2026-09-30
1106536,shindokanbooks.com,https://shindokanbooks.com/,Shindokan Books – Martial Arts Books,en-us,,,6.2.9,astra,,contact-form-7;elementor,2,,Elementor,,,,nginx,high,2026-09-30
1108539,pollposition.com,https://pollposition.com/,Poll Position - All The Essentials for Sports,en-us,,,7.1.2,,,aawp;real-cookie-banner;tablepress,3,,,Yoast SEO,,,nginx,high,2026-09-30
1116763,franciscainstoulouse.fr,https://www.franciscainstoulouse.fr/,Stratégies gagnantes pour booster votre communication d’entreprise - Franciscains Toulouse,fr-fr,FR,France,,maxwell-child-boost-new,,perfmatters,1,,,Yoast SEO,,,cloudflare,high,2026-09-30
1138859,hub01.org,https://www.hub01.org/,Accueil | 0/1 - Hub numérique,fr-ca,,,7.1.2,boldlab,boldlab-child,boldlab-core;ewww-image-optimizer;google-site-kit;js_composer;official-facebook-pixel;qode-framework;revslider;sticky-menu-or-anything-on-scroll;wp-consent-api,9,,WPBakery,Yoast SEO,,,LiteSpeed,high,2026-09-30
1149886,thegutstuff.com,https://thegutstuff.com/,Making Gut Health Digestible - The Gut Stuff,en,,,,thegutstuff-wp,gutstuff-child,gravityforms;instagram-feed-pro;testimonial-slider-and-showcase,3,,,Yoast SEO,,WP Engine,cloudflare,high,2026-09-30
1151843,semanasantasalamanca.es,https://semanasantasalamanca.es/,Semana Santa Salamanca sitio web oficial,es,ES,Spain,6.3.12,divi,,contact-form-7;supreme-modules-for-divi,2,,Divi,Yoast SEO,,,HTTPd,high,2026-09-30
1156247,motslies.com,https://motslies.com/,MOTS LIÉS | Slow Reading ———- Parcours de lecture,fr-fr,,,,WordPress.com theme,,custom-fonts;gutenberg-core,2,,,,,WordPress.com / VIP,nginx,high,2026-09-30
1158310,languegasconne.com,https://languegasconne.com/,LanguageGame Platform Utama Berita Tentang Game Online,en-us,,,7.0.6,linea-blog,,cookieadmin;cookieadmin-pro,2,,,,,,Apache,high,2026-09-30
1179811,magellanproject.org,https://magellanproject.org/,Magellan Circumnavigation | Magellan Project | Sailing Adventures,en-us,,,,,,,0,,,,,,cloudflare,high,2026-09-30
1181216,kiefersutherland.com,https://kiefersutherland.com/,Kiefer Sutherland – Official Website (Actor & Musician),en-gb,,,7.1.2,lucille,,bandsintown;bbpress;easy-video-player;instagram-feed;jetpack;js_composer;lucille-music-core;mailin;official-facebook-pixel;ultimate-woocommerce-auction;woo-advanced-product-size-chart;woocommerce;woocommerce-social-media-share-buttons;wp-user-avatar,14,WooCommerce,WPBakery,Rank Math,,,nginx,high,2026-09-30
1184408,friendsofalan.de,https://www.friendsofalan.de/,friendsofalan – Der Alan Bangs Fan Blog,de,DE,Germany,7.1.2,tikva,,embed-pdf-viewer;photo-gallery,2,,,,,,nginx,high,2026-09-30
1229794,jordigraupera.cat,https://jordigraupera.cat/,Jordi Graupera,ca,,,7.1.2,jordigraupera,,disqus-comment-system,1,,,Yoast SEO,,Hostinger,hcdn,high,2026-09-30
1232732,fullaviacion.com.ar,https://www.fullaviacion.com.ar/,Full Aviación | La Aviación en Información y Análisis,en,AR,Argentina,7.1.2,newspaper-tf,,email-subscribers;td-cloud-library;td-composer;td-standard-pack;wp-content-copy-protector,5,,,,,,Apache,high,2026-09-30
1240685,yossifine.com,https://yossifine.com/,Yossi Fine,en-us,,,5.8.17,salient,,contact-form-7;js_composer_salient;revslider;salient-core;salient-nectar-slider;salient-portfolio;salient-social,7,,,,,,,high,2026-09-30
1263642,ueppc.com,https://www.ueppc.com/,"UEPPC – NEW YORK, NEW JERSEY, CONNECTICUT",en-us,,,6.9.9,ueppc,,js_composer,1,,WPBakery,,,,nginx,high,2026-09-30
1290410,prolocolarciano.it,https://www.prolocolarciano.it/,Associazione Pro Loco Larciano | Vivere Larciano,en-us,IT,Italy,3.9.40,quill,,awesome-flickr-gallery-plugin,1,,,,,Aruba,aruba-proxy,high,2026-09-30
1330923,vincenzocrupi.com,https://www.vincenzocrupi.com/,Vincenzo Crupi,it-it,,,3.3.1,twentyten,,menubar-templates,1,,,,,Aruba,aruba-proxy,high,2026-09-30
1333376,suaralidik.com,https://suaralidik.com/,Suara Lidik | Berita Online Harian,id,,,7.0.6,umparanwp,,litespeed-cache;page-views-count,2,,Elementor,Yoast SEO,,,LiteSpeed,high,2026-09-30
1339211,mori-geihinkan.com,https://www.mori-geihinkan.com/,鶴見ノ森 迎賓館《公式》 | 大阪で森を貸切できる結婚式場・ウェディング,ja,,,,,,,0,,,,,,nginx,high,2026-09-30
1348104,csrox.org,https://csrox.org/,Home | Children's Services of Roxbury,en-us,,,,customify,,elementor;elementor-pro;essential-addons-for-elementor-lite;google-analytics-for-wordpress;gtranslate;interactive-3d-flipbook-powered-physics-engine;popup-maker,7,,Elementor,Yoast SEO,GTranslate,WP Engine,cloudflare,high,2026-09-30
1355007,upsl.com,https://premier.upsl.com,United Premier Soccer League | Premier Division,en-us,,,7.0.2,am,,breeze;instagram-feed-pro;social-wall,3,,,Yoast SEO,,,cloudflare,high,2026-09-30
1357296,stefaniasandrelli.it,https://stefaniasandrelli.it/,Stefania Sandrelli,en,IT,Italy,,,,wp-maintenance-mode-site-under-construction,1,,,,,,nginx,high,2026-09-30
1375844,apiads.es,https://apiads.es/,"Apiads Agrupación de defensa sanitaria apícola | El principal objetivo de APIADS es el fomento y desarrollo de las explotaciones de los apicultores asociados dentro del ámbito sanitario y zootécnico,",es,ES,Spain,7.1.2,,,cookie-law-info;divi-builder;mailchimp-for-wp;monarch;responsive-lightbox,5,,Divi,,,,Apache,high,2026-09-30
1376632,adecesg.com,https://www.adecesg.com/,ADEC ESG - Advancing sustainable business practices around the world. | ADEC ESG,en-us,,,,hello-elementor,,elementor;elementor-pro,2,,Elementor,Yoast SEO,,,nginx,high,2026-09-30
1385641,opqic.org,https://opqic.org/,OPQIC – Oklahoma Perinatal Quality Improvement Collaborative,en-us,,,7.1.2,understrap-child-1.2.0,,the-events-calendar,1,,,,,,nginx,high,2026-09-30
1393178,grace-app.com,https://grace-app.com/,Grace - free parental control app iPhone and iPad,en-us,,,6.1.14,spyro,,be-gdpr;be-grid;spyro-modules;tatsu,4,,,Rank Math,,,cloudflare,high,2026-09-30
1404731,tofringe.it,https://www.tofringe.it/,Torino Fringe Festival – Il Festival del Teatro Off e delle Arti Performative,it-it,IT,Italy,6.2.13,,,easy-video-player;onesignal-free-web-push-notifications,2,,,,,,cloudflare,high,2026-09-30
1412753,mitsuke.net,https://mitsuke.net/,新潟県見附市観光情報｜見附市観光物産協会【公式】,ja,,,7.1.2,astra,astra-child,contact-form-7;elementor;elementor-pro;flexy-breadcrumb;getwid;jet-elements;jet-engine;jet-tabs;ml-slider;post-views-counter;snow-monkey-forms,11,,Elementor,Rank Math,,,nginx,high,2026-09-30
1421245,dh.org.ee,https://dh.org.ee/,DH Estonia – Estonian Society for Digital Humanities,et,EE,Estonia,7.1.2,twentyseventeen,,sitepress-multilingual-cms,1,,,,WPML,,Apache,high,2026-09-30
1438290,mercarue.com,https://mercarue.com/,Mercarue : Experts en Développement d'Applications web et mobile,fr-fr,,,6.7.9,modernee,,advanced-popups;drag-and-drop-multiple-file-upload-contact-form-7;elementor;google-site-kit;hostinger-reach;mailchimp-for-wp;trx_addons,7,,Elementor,Rank Math,,Hostinger,hcdn,high,2026-09-30
1458529,sho-sakurai.com,https://sho-sakurai.com/,SHO SAKURAI OFFICIAL SITE | 櫻井翔 公式サイト,,,,7.1.2,myc,,contact-form-7;contact-form-7-multi-step-module,2,,,,,,nginx,high,2026-09-30
1461520,penerbitwidina.com,https://www.penerbitwidina.com/,Penerbit Buku Perguruan Tinggi,en-us,,,7.1.2,hello-elementor,,chaty;elementor;elementor-pro;elementskit-lite;gtranslate;megamenu;woocommerce,7,WooCommerce,Elementor,,GTranslate,,cloudflare,high,2026-09-30
1468795,hour24.ru,https://hour24.ru/,"Газета ""В 24 часа""",ru-ru,RU,Russia,6.0.16,newssite,,add-to-any;ajax-archive-calendar;contact-form-7;cookie-law-info;js_composer;ml-slider-pro;wf-magnific-lightbox;wordpress-popular-posts;youtube-embed,9,,WPBakery,,,,nginx-reuseport,high,2026-09-30
1501497,blue-tail.com,https://blue-tail.com/,Simple Solutions for Creative People – Simple Solutions for Creative People,en-us,,,7.1.2,dt-the7,,contact-form-7;cookie-law-info;download-manager;dt-the7-core;google-site-kit;jetpack;js_composer;sticky-block;ultimate_vc_addons;wp-consent-api;wpdm-gutenberg-blocks,11,,WPBakery,,,,nginx,high,2026-09-30
1501716,bildevidenz.de,http://bildevidenz.de/,Kolleg-Forschergruppe BildEvidenz,de,DE,Germany,5.2.28,kfg1627,,associated-posts-pro,1,,,,,,Apache,high,2026-09-30
1506234,versadial.com,https://www.versadial.com/,Call Recording Software - Versadial Call Recording Software,en-us,,,7.1,easyaudit,,wp-fastest-cache-premium,1,,,Yoast SEO,,,nginx,high,2026-09-30
1526090,castleisland.vc,https://castleisland.vc/,Home - Castle Island Ventures,en-us,,,7.1.2,hello-elementor,,elementor;elementor-pro;elementskit-lite,3,,Elementor,Yoast SEO,,WP Engine,cloudflare,high,2026-09-30
1554798,1clickracing.com,https://www.1clickracing.com/,We make racing fast! - 1ClickRacing.com,nl-nl,,,7.1.2,generatepress,,add-to-any;gdpr-cookie-compliance;gp-premium;menu-icons;search-filter-pro;siteorigin-panels,6,,SiteOrigin,Yoast SEO,,,Apache,high,2026-09-30
1568590,pengsquare.com,https://pengsquare.com/,▩Pengsquare – Where digital is special.,en-us,,,6.8.2,twentytwentythree,,complianz-gdpr;easy-einwendung-plugin;strato-assistant,3,,,,,,Apache,high,2026-09-30
1568780,pathfindersailing.com,https://pathfindersailing.com/,Get Better Starts and Sail Faster!,en-us,,,7.0.5,dt-the7,,cookie-law-info;dt-the7-core;easy-tables-vc;google-analytics-premium;gravityforms;js_composer;revslider;ultimate-social-media-icons;ultimate_vc_addons,9,,WPBakery,Yoast SEO,,WP Engine,cloudflare,high,2026-09-30
1580424,gaim-toq.jp,https://www.gaim-toq.jp/,TYO NIGHT DAO応援ブログ,ja,JP,Japan,6.4.3,affinger,affinger-child,contact-form-7;wordpress-popular-posts,2,,,,,,nginx,high,2026-09-30
1587109,blanco2024.be,https://blanco2024.be/,Parti.j BLANCO - wordt / devient reset.,nl-nl,BE,Belgium,7.0.6,hostinger-ai-theme,,elementor;hostinger-reach,2,,Elementor,Yoast SEO,,Hostinger,hcdn,high,2026-09-30
1592566,wonderbk.com,https://www.wonderbk.com/,"Wonder Book: Over 2 Million Books, Movies and Music online.",en-us,,,,ws_theme,,google-site-kit;wdst-shortcodes;wp-smush-pro;wpconsent-cookies-banner-privacy-suite;youtube-embed,5,,,Yoast SEO,,,nginx,high,2026-09-30
1593266,vzacna-onemocneni.cz,https://vzacna-onemocneni.cz/,Úvod - Česká asociace pro vzácná onemocnění z.s.,cs-cz,CZ,Czech Republic,6.9.9,hello-elementor,,complianz-gdpr;elementor;elementor-pro;feedzy-rss-feeds;fluentform;newsletter;nextend-smart-slider3-pro;portfolio-elementor,8,,Elementor,Yoast SEO,,,Apache,high,2026-09-30
1605656,oktobarskisalon.org,https://oktobarskisalon.org/,60. ОКТОБАРСКИ САЛОН - OKTOBARSKI SALON,sr-rs,,,7.1,uncode,,contact-form-7;google-site-kit;uncode-privacy,3,,,,,,Apache,high,2026-09-30
1607972,musee-archeologie-nice.org,https://www.musee-archeologie-nice.org/,Musée d'Archéologie de Nice-Cimiez,fr-fr,,,,cimiez,,bs5-contact-form-7;complianz-gdpr;garden-gnome-package;mailjet-for-wordpress;simple-lightbox,5,,,,,,Apache,high,2026-09-30
1625482,dailysport.co.uk,https://dailysport.co.uk/,The hottest FREE newspaper in the UK - Daily Sport,en-gb,GB,United Kingdom,7.0.6,newscard-pro,,adrotate;contact-form-7;post-views-counter;robo-gallery,4,,,Yoast SEO,,,cloudflare,high,2026-09-30
1628513,bugzzbee.com,https://bugzzbee.com/,"Bugzz Bee – Bee Creative, Fix Bugz, Spread Joy!",en-us,,,7.1.2,twentytwentyfour,,google-site-kit;wp-consent-api,2,,,,,,Apache,high,2026-09-30
1632234,afae.fr,https://www.afae.fr/,Accueil - AFAE,fr-fr,FR,France,,academia,academia-child,js_composer;smart-slider-3,2,,WPBakery,Yoast SEO,,,Apache,high,2026-09-30
1665727,cardiostart.org,https://cardiostart.org/,CardioStart International,en-us,,,,avada,,cleantalk-spam-protect,1,,Avada,Yoast SEO,,,Apache,high,2026-09-30
1681199,raitop.ir,https://raitop.ir/,لپ تاپ استوک - رایتاپ - قیمت و خرید لپ تاپ اپن باکس و استوک,fa-ir,IR,Iran,,raitoplaptop,,faq-schema-block-to-accordion;woocommerce;woocommerce-ajax-filters,3,WooCommerce,,Yoast SEO,,,,high,2026-09-30
1693255,institutoculturalvale.org,https://institutoculturalvale.org/en/home-english/,Instituto Cultural Vale |,en-us,,,,icvnovo,,advanced-custom-fields-pro;wpo365-login,2,,,,,,Apache,high,2026-09-30
1695976,gosstat-dnr.ru,https://gosstat-dnr.ru/,Гама Казино (Gama Casino) : Официальный Сайт и Зеркало,ru-ru,RU,Russia,,sosh2ndm,,autoptimize,1,,,,,,cloudflare,high,2026-09-30
1709743,yang-zi.com,https://yang-zi.com/,杨子博客 | 苹果手机iOS软件推荐/付费APP下载/上网梯子评测/代理技术,zh-hans,,,6.7.9,begin,,,0,,,Yoast SEO,,,nginx,high,2026-09-30
1711848,valdeloire-travel.com,https://www.valdeloire-travel.com/,Val de Loire Travel | Circuits et excursions packagées en Val de Loire,fr-fr,,,6.9.4,vlt,,contact-form-7;sitepress-multilingual-cms;superfly-menu;woocommerce;woocommerce-bookings;woocommerce-gateway-stripe;woocommerce-multilingual;wp-retina-2x,8,WooCommerce,,Yoast SEO,WPML,,Apache,high,2026-09-30
1712608,tulancingo.gob.mx,https://tulancingo.gob.mx/,Transformando Tulancingo,es,MX,Mexico,7.1.2,thegov2025,,3d-flipbook-dflip-lite;add-to-any;elementor;elementor-pro;essential-addons-for-elementor-lite;events-manager;page-visits-counter-lite;real3d-flipbook-lite;revslider;sangar-studio-access-flow;thegov-core;tlp-team,12,,Elementor,,,,nginx,high,2026-09-30
1760513,lamarina.cat,https://lamarina.cat/,Portada - La Marina,en,,,6.5.12,newspaper,,all-in-one-seo-pack;contact-form-7;font-awesome-4-menus;gdpr-cookie-compliance;google-analytics-for-wordpress;lbg-audio5-html5-shoutcast_sticky;lbg-audio6-html5-shoutcast_history;metronet-profile-picture;mp-timetable;really-simple-featured-video;td-composer;td-newsletter;td-standard-pack;wysija-newsletters,14,,,All in One SEO,,,Apache,high,2026-09-30
1786733,sainte-sigolene.fr,https://www.sainte-sigolene.fr/,Accueil - Site officiel de la ville de Sainte-Sigolène,fr-fr,FR,France,,sainte-sigolene,,booked;co-marquage-service-public;nova-cookies;novacore,4,,,Yoast SEO,,o2switch,o2switch-PowerBoost-v3,high,2026-09-30
1806579,cluevo.at,https://cluevo.at/,CLUEVO Full Service E-learning Agentur – Learning Management System | E-learning | Content Design,en-us,AT,Austria,7.1.2,twentytwentyfive,,,0,,,,,,Apache,high,2026-09-30
1822308,race-aubrac.com,https://race-aubrac.com/,OS Race Aubrac - OS RACE AUBRAC,fr-fr,,,7.1.2,osraceaubrac,,complianz-gdpr;google-analytics-for-wordpress;mailjet-for-wordpress;menu-image;print-o-matic;sassy-social-share;simple-lightbox;wp-rocket,8,,,Yoast SEO,,,Apache,high,2026-09-30
1824882,onivins.fr,https://onivins.fr/,"ONIVINS - Vente de Vin, Champagne et Spiritueux en ligne - ONIVINS",fr-fr,FR,France,,colibri-wp,,colibri-page-builder-pro;w3-total-cache,2,,,Rank Math,,Hostinger,hcdn,high,2026-09-30
1840876,colourday.pl,https://colourday.pl/,Konferencja Naukowa Dzień Barwy BARWA W PRZESTRZENI PUBLICZNEJ -,pl-pl,PL,Poland,,i-max-bkn,,beautiful-and-responsive-cookie-consent;contact-form-7;pojo-accessibility;wp-lightbox-2,4,,,Yoast SEO,,,Apache,high,2026-09-30
1851397,trac.ir,https://trac.ir/,HOME | Tehran Regional Arbitration Centre,en-us,IR,Iran,6.6.9,,,sitepress-multilingual-cms;wp-rocket,2,,,Rank Math,WPML,,nginx,high,2026-09-30
1872432,gophergetter.us,https://gophergetter.us/,gophergetter -,en-us,US,United States,7.1.2,routine-news,,,0,,,Yoast SEO,,,nginx,high,2026-09-30
1889833,taorminafilmfest.com,https://taorminafilmfest.com/,Taormina Film Festival,it-it,,,7.0.6,hello-elementor,,complianz-gdpr;debug-log-manager;elementor;header-footer-elementor;ultimate-elementor;wpforms-lite,6,,Elementor,Yoast SEO,,,Microsoft-IIS,high,2026-09-30
1891168,spielarten-nrw.de,https://spielarten-nrw.de/,Start - Spielarten NRW,de,DE,Germany,7.0.6,generatepress,,elementor;gp-premium,2,,Elementor,Yoast SEO,,,Apache,high,2026-09-30
1896678,pajoca.com,https://pajoca.com/,HOME | 情報の海を泳ぐ,ja,,,6.0.16,the-thor,the-thor-child,contact-form-7;prismatic;widgetize-pages-light,3,,,,,,nginx,high,2026-09-30
1915618,brianlarossa.com,https://brianlarossa.com/,Brian LaRossa,en-us,,,7.1.2,semplice,,,0,,,,,,nginx,high,2026-09-30
1916828,basket-retro.com,https://basket-retro.com/,Basket Retro – Le Basket au passé,fr-fr,,,,WordPress.com theme,,custom-fonts;gutenberg-core,2,,,,,WordPress.com / VIP,nginx,high,2026-09-30
1930083,rosdep.org,https://rosdep.org/,Съезд Народных Депутатов - российский парламент переходного периода,ru-ru,,,7.1.2,rosdep_final_theme,,,0,,,,,,nginx,high,2026-09-30
1939308,lionscricket.co.za,https://lionscricket.co.za/,Home page - Lions Cricket – The Pride of Jozi,en-za,ZA,South Africa,7.1.2,splash,,add-to-any;all-in-one-event-calendar;contact-form-7;custom-facebook-feed;custom-twitter-feeds;instagram-feed;js_composer;mailchimp-for-wp;responsive-cookie-consent;revslider;sportspress;sportspress-for-cricket;woocommerce,13,WooCommerce,WPBakery,Yoast SEO,,,BitNinja-WafPro,high,2026-09-30
1946534,georg-christoph-sandmann.de,http://www.georg-christoph-sandmann.de/,Georg Christoph Sandmann | Dirigent,de-de,DE,Germany,3.0.1,basis,,1bit,1,,,,,,Apache,high,2026-09-30
1950048,dzentlmenis.com,https://dzentlmenis.com/,Portāls par notikumiem pasaulē,lv-lv,,,7.1.2,profitmag,,advanced-ads;bj-lazy-load;fifu-premium;page-links-to;paged-post-slider;super-socializer,6,,,Yoast SEO,,,cloudflare,high,2026-09-30
1954286,cahirnewsonline.com,https://cahirnewsonline.com/,| Cahir News Online,en-us,,,6.9.9,extra,,,0,,Divi,,,,nginx,high,2026-09-30
1966009,su-komarov.com,https://su-komarov.com/,"СУ""Владимир Комаров""-гр.В.Търново | Добре дошли в официалния интернет сайт на нашето училище! Химн на СУ""Владимир Комаров""",bg-bg,,,7.1.2,divi,,cookie-notice,1,,Divi,,,,Apache,high,2026-09-30
1967674,sinixt.org,https://sinixt.org/,Autonomous Sinixt Autonomous Sinixt -,en-us,,,6.1.1,fansee-business,,block-options;bootstrap-modals;contact-form-7,3,,,Yoast SEO,,,Apache,high,2026-09-30
1969714,ronnowarkitekter.dk,https://ronnowarkitekter.dk/,Rønnow Arkitekter,da-dk,DK,Denmark,4.5.4,orango_rte_tema,,contact-form-7;content-views-query-and-display-post-page;ditty-news-ticker;ditty-posts-ticker;malinky-ajax-pagination;mobile-menu;nimble-portfolio;nimble-portfolio-defaultplus-skin;pt-content-views-pro;simple-lightbox;vegas-fullscreen-background-slider,11,,,Yoast SEO,,,LiteSpeed,high,2026-09-30
1973521,oslokirkemusikkfestival.no,https://oslokirkemusikkfestival.no/,Free Spins No Deposit 2026 🇳🇴 Best No Deposit Free Spins,en-no,NO,Norway,7.0.4,theme,,webp-express,1,,,Yoast SEO,,,cloudflare,high,2026-09-30
1976284,mportal.com.hr,https://www.mportal.com.hr/,MPortal,hr,HR,Croatia,7.0.6,totalpress,,wp-author-date-and-meta-remover,1,,,,,,LiteSpeed,high,2026-09-30
2002289,worcestervt.org,https://worcestervt.org/wp/,"Town of Worcester, Vermont",en-us,,,7.1.2,twentyten,,the-events-calendar,1,,,,,,Apache,high,2026-09-30
2023001,kiriminsesigazetesi.com,https://kiriminsesigazetesi.com/,Kırım’ın Sesi | Kırım Tatarları ve Türk Dünyası Haberleri,tr-tr,,,6.8.10,colormag,,easy-social-sharing;instagram-feed;reviews-feed,3,,,Rank Math,,,cloudflare,high,2026-09-30
2023373,kcappointments.org,https://kcappointments.org/,King's Counsel Appointments | Excellence in Advocacy,en-gb,,,6.9.8,finance,finance-child,js_composer;revslider;themesflat,3,,WPBakery,Yoast SEO,,WP Engine,cloudflare,high,2026-09-30
2029973,fatoregional.com.br,https://fatoregional.com.br/,Fato Regional - O maior Portal de Notícias do Sul do Pará,pt-br,BR,Brazil,7.0.6,fatoregional,,advanced-ads;elementor;elementor-pro;gn-publisher;google-analytics-for-wordpress;shortcode-for-current-date,6,,Elementor,Yoast SEO,,,LiteSpeed,high,2026-09-30
2065663,hervormdnijkerk.nl,https://hervormdnijkerk.nl/,Welkom op de website van de hervormde gemeente Nijkerk,,NL,Netherlands,6.6.1,,,,0,,,Yoast SEO,,,nginx,high,2026-09-30
2070205,elliottjets.com,https://elliottjets.com/,Leading Jet Sales Worldwide | Elliott Jets,en-us,,,,hello-elementor,hello-elementor-child,elementor;elementor-pro;formidable;instagram-feed;jet-elements;jet-engine;jet-menu;jet-search;jet-smart-filters;jet-tabs,10,,Elementor,,,WP Engine,cloudflare,high,2026-09-30
2070613,edessatv.com,https://www.edessatv.com/,Edessa TV,tr,,,7.1.2,smart-mag,,elementor;sphere-post-views,2,,Elementor,,,,cloudflare,high,2026-09-30
2085787,theserverside.de,https://www.theserverside.de/,theserverside.de,de,DE,Germany,7.1.2,news,,cookie-notice;jetpack,2,,,,,,cloudflare,high,2026-09-30
2093838,pina-bausch-solingen.de,https://pina-bausch-solingen.de/,Pina-Bausch-Freundeskreis Solingen e. V.,de,DE,Germany,,kadence,,email-encoder-bundle;lightbox-photoswipe,2,,,,,,LiteSpeed,high,2026-09-30
2105599,ijtihadnet.com,https://ijtihadnet.com/,Home - Ijtihad Network,en-us,,,,sahifa,,captcha;gtranslate;shortcodes-ultimate;taqyeem;taqyeem-buttons;wp-statistics,6,,,Yoast SEO,GTranslate,,Apache,high,2026-09-30
2120078,arresten.eu,http://arresten.eu/,"Elk arrest, alle uitspraken overzichtelijk verzameld per rechtsgebied",nl-nl,EU,European Union,6.2.13,mh-newsdesk-lite,,,0,,,Yoast SEO,,,Apache,high,2026-09-30
2134830,promusicadetroit.com,https://promusicadetroit.com/,promusicadetroit.com |,en-us,,,,divi,,,0,,Divi,,,Hostinger,hcdn,high,2026-09-30
2155614,cuyabeno-caiman-ecolodge.com,https://cuyabeno-caiman-ecolodge.com/,"Cuyabeno Ecolodge Tours | 3, 4 & 5-Day Amazon Packages | Caiman Lodge - Ecuador",en-us,,,7.1.2,bricks,,bricksable;bricksforge;real-time-auto-find-and-replace,3,,Bricks,,,,,high,2026-09-30
2159825,bevirtual.ru,https://bevirtual.ru/,"BeVirtual — Интернет-сайт о виртуальной реальности. — один из первых порталов в Рунете, освещающих события в мире виртуальной реальности. Ежедневно мы публикуем актуальные новости о российских и миров",ru-ru,RU,Russia,4.8.32,hitmag,,easy-custom-auto-excerpt,1,,,,,,nginx-reuseport,high,2026-09-30
2168258,tomocerveza.cl,https://tomocerveza.cl/,TomoCerveza | Busca y aprende de cerveza artesanal en Chile.,es,CL,Chile,6.9,bootpress,,ajax-load-more;pixelyoursite;shortcodes-ultimate;tablepress;whatsapp-jetpack-button;wp-pagenavi,6,,,,,,nginx,high,2026-09-30
2199742,axat.fr,https://www.axat.fr/,Accueil - Mairie d'AXAT,fr-fr,FR,France,,divi,,accessibility-onetap;cookie-notice;custom-facebook-feed-pro;divi-modules-table-maker;divi-pixel;divi-pixel-layout-importer;woocommerce,7,WooCommerce,Divi,Yoast SEO,,o2switch,o2switch-PowerBoost-v3,high,2026-09-30
2200992,andrewbrel.com,https://andrewbrel.com/,andrewbrel.com – Words and Music,en-us,,,5.3.25,oxygen,,google-analytics-dashboard-for-wp;page-views-count,2,,,,,,Apache,high,2026-09-30
2209991,spot80.tv,https://www.spot80.tv/,Pubblicità Anni 80 - Spot 80 - Gli anni ruggenti della pubblicità.,it-it,,,6.8.6,twentytwentyfive,,buymeacoffee;google-analytics-for-wordpress;search-filter;search-filter-pro;ultimate-post,5,,,Yoast SEO,,,nginx,high,2026-09-30
2218871,nagasaki-iryokyosai.jp,https://nagasaki-iryokyosai.jp/,長崎医療共済生活協同組合公式ページ | 長崎県民の病気やケガを加入者で保障し助け合う長崎医療共済生活協同組合です。,ja,JP,Japan,7.1.2,lightning-pro,,ml-slider;speech-bubble;vk-all-in-one-expansion-unit;vk-blocks-pro;wp-statistics,5,,,,,,Apache,high,2026-09-30
2233941,dnaofsports.com,https://www.dnaofsports.com/,Find All The Latest News And Answers About Sports | DNA Of SPORTS,en-us,,,7.1.2,jannah,,contact-form-7;contextual-related-posts,2,,,Rank Math,,,cloudflare,high,2026-09-30
2234030,diveandsailmaldives.com,https://diveandsailmaldives.com/,Tauchen auf den Malediven - Dive & Sail,de,,,7.1.2,divi,,divi-booster;gtranslate,2,,Divi,Yoast SEO,GTranslate,,nginx,high,2026-09-30
2238175,brettevillelorgueilleuse.fr,https://brettevillelorgueilleuse.fr/,Bretteville l'Orgueilleuse – Commune déléguée de THUE ET MUE,fr-fr,FR,France,4.8.1,hueman,,captcha;contact-form-7;the-events-calendar,3,,,,,o2switch,o2switch-PowerBoost-v3,high,2026-09-30
2240765,artes-projekte.ch,https://artes-projekte.ch/,,de,CH,Switzerland,7.1.2,lc-blank,,lc-extensions;live-composer-page-builder,2,,Live Composer,,,,nginx,high,2026-09-30
2245608,village-sablieres.com,https://www.village-sablieres.com/,Bienvenue sur le site du village de Sablières !,fr-fr,,,7.1.2,dt-the7,,contact-form-7;event-organiser;jetpack;js_composer;ultimate_vc_addons,5,,WPBakery,Yoast SEO,,,,high,2026-09-30
2252213,sea-transport.ru,https://sea-transport.ru/,Sea-Transport.ru,ru-ru,RU,Russia,,reboot,,expert-review;lightbox-photoswipe;tablepress,3,,,Yoast SEO,,,nginx-reuseport,high,2026-09-30
2256954,pance.fr,https://www.pance.fr/,Mairie de Pancé,fr,FR,France,,noyau,,co-marquage-service-public;creasit-agenda;creasit-plan-interactif;creasit-rgpd;jquery-colorbox,5,,,,,,nginx,high,2026-09-30
2264620,kultur-in-berlin.com,https://www.kultur-in-berlin.com/,Kulturforum Stadt Berlin – der Sozialdemokratie e.V.,de,,,7.0.1,twentysixteen,twentysixteen-child,,0,,,,,,Apache,high,2026-09-30
2271870,fluorsidgroup.com,https://fluorsidgroup.com/,FluorsidGroup – A world-leading Italian industrial holding company.,en-us,,,7.1.2,hello-elementor,,complianz-gdpr-premium;elementor;elementor-pro,3,,Elementor,,,,nginx,high,2026-09-30
2290396,systemsinmotion.com,https://systemsinmotion.com/,Warehouse Automation & Conveyor Systems | Systems In Motion,en-us,,,7.1.2,,,,0,,Elementor,,,,LiteSpeed,high,2026-09-30
2296840,prjipata.com,https://prjipata.com/,PR JIPATA – พีอาร์ จิปาถะ – All About Public Relations,en-us,,,7.1.2,newsup,,youtube-embed-plus,1,,,,,,Apache,high,2026-09-30
2297785,pierot.sk,https://www.pierot.sk/,Homepage • Pierot,sk-sk,SK,Slovakia,5.8.10,zephyr,,contact-form-7;instagram-feed;magic-liquidizer-responsive-table,3,,,Yoast SEO,,,Apache,high,2026-09-30
2299662,offizielle-seite.de,https://offizielle-seite.de/,Offizielle Seite IT-Systemhaus Berlin Potsdam Brandenburg,de,DE,Germany,,avril,,accessibility-plugin-onetap-pro;clever-fox;complianz-gdpr,3,,,,,,Apache,high,2026-09-30
2301679,muniyauli.gob.pe,https://muniyauli.gob.pe/,Municipalidad Distrital de Yauli – Municipalidad Distrital de Yauli,es,PE,Peru,6.2.2,zikzag,,contact-form-7;download-manager;elementor;revslider;zikzag-core,5,,Elementor,,,,LiteSpeed,high,2026-09-30
2301970,mpflarioja.gob.ar,https://www.mpflarioja.gob.ar/,MPF La Rioja – Ministerio Público Fiscal La Rioja,es,AR,Argentina,6.8.8,nirvana,,contact-form-7;easy-columns;theme-my-login;wp-statistics,4,,,,,,Apache,high,2026-09-30
2308632,johannaschneider.com,http://johannaschneider.com/,Johanna Schneider -,en-us,,,4.3.34,sparkling,,contact-form-7;event-list;html5-jquery-audio-player;simple-discography,4,,,Yoast SEO,,,Apache,high,2026-09-30
2315259,festiwalmaklaka.pl,https://festiwalmaklaka.pl/,Festiwal Maklaka - KDK Hugonówka,pl-pl,PL,Poland,7.1.2,blankslate,,oxygen;wp-accessibility,2,,Oxygen,,,,LiteSpeed,high,2026-09-30
2326683,aokikazuhiko.jp,https://www.aokikazuhiko.jp/,参議院議員 青木一彦（あおきかずひこ）公式サイト,ja,JP,Japan,,aokikazuhiko,,contact-form-7,1,,,Yoast SEO,,,nginx,high,2026-09-30
2348895,mna-stands.com,https://mna-stands.com/,Diseño y Montaje de Stands para Ferias | MNA Stands,es-es,,,7.1.2,oceanwp,,,0,,Elementor,,,,nginx,high,2026-09-30
2410027,dimos-ierapetras.gr,https://dimos-ierapetras.gr/,Δήμος Ιεράπετρας,el,GR,Greece,7.0.2,hello-elementor,,contact-form-7;elementor;elementor-pro,3,,Elementor,,,,Apache,high,2026-09-30
2449472,hcstandard.lu,https://hcstandard.lu/,HC Standard,lb,LU,Luxembourg,7.1.2,twentysixteen,,cookie-law-info;ml-slider;nextgen-gallery;the-events-calendar;wp-event-manager;wp-responsive-table,6,,,,,,nginx,high,2026-10-01
2451525,geba.host,https://geba.host/,GEBA,es-ar,,,7.0.6,astra,,elementor;jeg-elementor-kit;metform;pixelyoursite,4,,Elementor,,,Hostinger,hcdn,high,2026-10-01
2458005,copiahmonitor.com,https://www.copiahmonitor.com/,The Copiah Monitor,en-us,,,6.8.10,bb-theme,bb-theme-child,add-to-any;adrotate-pro;bb-plugin;elasticpress;event-calendar-wd;formidable;photo-gallery;webads-admin;webads-adrotate;webads-adrotate-legacy-widget;webads-business-directory;webads-church-directory;webads-crosswords;webads-display-ads;webads-elasticpress;webads-event-calendar-wd;webads-news-ticker;webads-online-edition-v1;webads-paperboy-signup;webads-password-protect;webads-photo-gallery;webads-polls;webads-rss;webads-social;webads-spam-security;webads-stats;webads-syndicated-stories;webads-weather-v2,28,,Beaver Builder,,,,cloudflare,high,2026-10-01
2520506,statenislandferry.com,https://statenislandferry.com/,Staten Island Ferry,en-us,,,,wp-bootstrap-4,,contact-form-7,1,,,,,,Apache,high,2026-10-01
2549390,ccawarriors.org,https://ccawarriors.org/,"Home - Cornerstone Christian Academy in McKinney, Texas",en-us,,,7.1.2,astra,,elementor;elementor-pro;essential-addons-for-elementor-lite;jetpack;simple-banner,5,,Elementor,Yoast SEO,,,Apache,high,2026-10-01
2551778,baron-keibi.co.jp,https://www.baron-keibi.co.jp/,バロン警備保障株式会社 - 経験豊かなプロ集団により「安全」「安心」を実現する警備会社,ja,JP,Japan,6.8.10,nanairo,,all-in-one-seo-pack;contact-form-7;contact-form-7-add-confirm;js_composer;menu-image;wp-pagenavi,6,,WPBakery,All in One SEO,,,nginx,high,2026-10-01
2556013,yakovlibr.ru,https://yakovlibr.ru/,Энциклопедия земли Яковлевской,ru-ru,RU,Russia,7.1.2,twentyfifteen,,,0,,,,,,nginx,high,2026-10-01
2560351,suttonbowmen.co.uk,https://suttonbowmen.co.uk/,Sutton Bowmen Archery Club,en-gb,GB,United Kingdom,7.1.2,imagely,,kadence-blocks;nextgen-gallery;nextgen-gallery-pro;simple-membership;tablepress;wpforo,6,,,,,,nginx,high,2026-10-01
2564266,rdumyamala.ru,https://rdumyamala.ru/,РДУМ ЯНАО — Религиозная организация «Региональное духовное управление мусульман Ямало-Ненецкого автономного округа,ru-ru,RU,Russia,7.1.2,bricks,,3d-flipbook-dflip-lite1;cleantalk-spam-protect,2,,Bricks,,,,Apache,high,2026-10-01
2577252,gemology-laboratory.com,https://gemology-laboratory.com/,صفحه اصلی - وب سایت رسمی کارشناسی جواهرات,fa-ir,,,7.1.2,zephyr,,abzarwp-theme-zephyr;ajax-search-lite;chaty;creame-whatsapp-me;easy-digital-downloads;hide-admin-bar-based-on-user-roles;js_composer;post-views-counter;sitepress-multilingual-cms;taptap-by-bonfire;us-core;woocommerce;wp-menu-cart,13,WooCommerce,WPBakery,Yoast SEO,WPML,,nginx,high,2026-10-01
2577602,futboldeloeste.com.ar,https://futboldeloeste.com.ar/,Fútbol del Oeste - Actualidad deportiva,es,AR,Argentina,7.1.2,the-league,the-league-child,contact-form-7;onesignal-free-web-push-notifications;sportspress;theia-post-slider,4,,,,,,LiteSpeed,high,2026-10-01
2580712,espeleologiacatalunya.com,https://www.espeleologiacatalunya.com/,Espeleologia a Catalunya - Espeleologia Catalunya,ca,,,,orbital,,,0,,,Yoast SEO,,Hostinger,hcdn,high,2026-10-01
2594334,beruniyalimov.uz,https://beruniyalimov.uz/en/,"Beruniy Alimov – Scientific researches, manuals, lectures",en-us,UZ,Uzbekistan,4.8.25,bard,,profile-widget-ninja;recent-posts-widget-with-thumbnails;wpglobus;youtube-embed-plus,4,,,,,,Apache,high,2026-10-01
2597047,asegyptology.com,https://asegyptology.com/,Association for Students of Egyptology,en-us,,,6.8.10,ozeum,,contact-form-7;custom-facebook-feed;essential-grid;revslider;send-app;social-media-feather;tablepress;the-events-calendar;trx_addons;trx_popup;ultimate-member,11,,Elementor,,,,Apache,high,2026-10-01
2603830,w-insight.com,https://w-insight.com/,"W Insight – Sharing knowledge, passion and ideas",en,,,,WordPress.com theme,,coblocks;gutenberg-core,2,,,,,WordPress.com / VIP,nginx,high,2026-10-01
2654082,spedizionieditrice.it,https://www.spedizionieditrice.it/,Spedizionieditrice I libri -,it-it,IT,Italy,7.1,twentythirteen,,wp-statistics,1,,,Yoast SEO,,,Apache,high,2026-10-01
2680473,eun-song.org,https://eun-song.org/,Eunsong Kim,en-us,,,,eunsongkim,,,0,,,,,,Apache,high,2026-10-01
2726952,infinet.com.tw,https://infinet.com.tw/,筆墨的躁動,zh-tw,TW,Taiwan,7.1.2,newsup,,,0,,,,,,Apache,high,2026-10-01
2837027,kummacon.com,https://kummacon.com/,,fi,,,,WordPress.com theme,,coblocks;custom-fonts;gutenberg-blocks;gutenberg-core,4,,,,,WordPress.com / VIP,nginx,high,2026-10-01
2837338,krcl.org.in,https://krcl.org.in/,Krishnapatnam Railway Company Limited (KRCL),en-us,IN,India,7.1.2,pennews,,js_composer;penci-framework;popup-maker;revslider,4,,WPBakery,Yoast SEO,,Hostinger,hcdn,high,2026-10-01
2878135,wow-sattel.de,https://wow-sattel.de/,WOW-Sattel Moers | Sattelanpassung Niederhein & NRW,de,DE,Germany,7.1.2,enfold,enfold-child,announcer;cf7-conditional-fields;contact-form-7;contact-form-7-honeypot;honeypot;simple-google-recaptcha,6,,,Yoast SEO,,,openresty,high,2026-10-01
2887232,sv-ehringshausen.de,https://sv-ehringshausen.de/,SV Ehringshausen,de,DE,Germany,7.1.2,astra,,ultimate-addons-for-gutenberg,1,,Spectra,,,,Apache,high,2026-10-01
2890171,skoposcomunicacao.com.br,https://skoposcomunicacao.com.br/,Skopos Comunicação - Skopos Comunicação,pt-br,BR,Brazil,6.7.7,astra,astra-child,burst-statistics;elementor;elementor-pro;elementskit-lite;full-screen-menu-for-elementor;multi-step-form;to-top;wp_rgpd,8,,Elementor,Yoast SEO,,,Apache,high,2026-10-01
2912577,instal.katowice.pl,https://instal.katowice.pl/,INSTAL Inżynieria Przemysłowa Sp. z o.o.,pl-pl,PL,Poland,5.8.2,bridge,,contact-form-7;js_composer;menu-icons;responsive-flipbook;revslider,5,,WPBakery,,,,Apache,high,2026-10-01
2940431,theprimarymarket.com,https://theprimarymarket.com/,Home - theprimarymarket.com,en,,,6.9.4,newspaper,,genesis-blocks;td-cloud-library;td-composer;td-standard-pack;wp-user-avatar,5,,,Yoast SEO,,,cloudflare,high,2026-10-01
2971464,facet.com,https://facet.com/,Financial planning for every facet of your life | Facet,en-us,,,,generatepress,,,0,,Elementor,Yoast SEO,,WP Engine,cloudflare,high,2026-10-01
3016180,kawanishi-farm.com,https://kawanishi-farm.com/,完熟朝穫りイチゴと梨の販売 河西いちご園 – イチゴと果樹の完熟の美味しさと感動に出会える農園,ja,,,6.8.10,switch_tcd063,,google-site-kit;tcd-google-maps,2,,,,,,nginx,high,2026-10-01
3040348,aipi.it,https://www.aipi.it/,AIPI - Associazione Italiana Professionisti Interior Designers,it-it,IT,Italy,7.1.2,einar,,accessibility-onetap;agile-store-locator;einar-core;elementor;qi-addons-for-elementor;qi-addons-for-elementor-premium;wp-popups-lite,7,,Elementor,Yoast SEO,,,nginx,high,2026-10-01
3042157,youtoo.digital,https://www.youtoo.digital/,Web Agency e Digital Marketing Milano | Youtoo Digital,it-it,,,5.2.20,starter,,contact-form-7;duracelltomi-google-tag-manager;js_composer;livicons-evolution;revslider;sitepress-multilingual-cms;wp-google-maps;wpcf7-redirect,8,,WPBakery,Yoast SEO,WPML,Aruba,aruba-proxy,high,2026-10-01
3042786,workoutable.com,https://workoutable.com/,The Nutrition Coach - Workoutable,en-us,,,7.1.2,kadence,,affiai;page-list;thirstyaffiliates;ultimate-blocks,4,,,Yoast SEO,,Hostinger,hcdn,high,2026-10-01
3049100,technopixelss.com,https://technopixelss.com/,Home - Techno Pixelss - Digital Marketing Agency,en-us,,,7.1.2,utech,,contact-form-7;elementor;elementor-pro;elementskit-lite;essential-addons-for-elementor-lite;google-analytics-for-wordpress;header-footer-elementor;onesignal-free-web-push-notifications;ultimate-addon;utechcore;wp-rocket;wpforo,12,,Elementor,Rank Math,,Hostinger,hcdn,high,2026-10-01
3061740,mydementedmom.com,https://mydementedmom.com/,"My Demented Mom – More than five million Americans suffer from Dementia. My mom was one of them. A site for young adult caregivers struggling and coping with ""the long goodbye."" Created in 2007. Ended",en,,,,WordPress.com theme,,custom-fonts;gutenberg-core,2,,,,,WordPress.com / VIP,nginx,high,2026-10-01
3069768,karenbjones.com,https://karenbjones.com/,Karen B. Jones – Illustrator – Freelance artist creating custom children's illustrations.,en,,,,WordPress.com theme,,custom-fonts;gutenberg-core,2,,,,,WordPress.com / VIP,nginx,high,2026-10-01
3073219,homeandhearthoutfitters.com,https://homeandhearthoutfitters.com/,"Home & Hearth Outfitters | Custom Fireplaces in Denver, CO",en-us,,,6.9.5,,,,0,,,Yoast SEO,,Kinsta,cloudflare,high,2026-10-01
3081548,designtwoply.com,https://www.designtwoply.com/,디자인투플라이,ko-kr,,,6.5.12,twoply,,contact-form-7;jetpack;responsive-accordion-and-collapse,3,,,Yoast SEO,,,cloudflare,high,2026-10-01
3081579,designoneinteriors.net,https://designoneinteriors.net/,Design One Interiors – Your Interior is Our Canvas,en-us,,,7.1.2,salient,,contact-form-7;formidable,2,,,,,,cloudflare,high,2026-10-01
3084072,comera-cuisines.fr,https://www.comera-cuisines.fr,COMERA Cuisines : Cuisiniste francais - Cuisine équipée aménagée,fr-fr,FR,France,,16theme,,actus-magasins;conseils;gravityforms;meks-easy-instagram-widget;page-scroll-to-id;realisations;temoignages_b2b;wpconnect-gf-sendinblue,8,,,Yoast SEO,,,Apache,high,2026-10-01
3086380,caitypfohl.com,https://caitypfohl.com/,The Pamplemousse Papers | Travel Stories by Caity Pfohl,en-us,,,7.1.2,oleander,,easy-digital-downloads;google-analytics-for-wordpress;no-right-click-images-plugin;spotlight-social-photo-feeds,4,Easy Digital Downloads,,Yoast SEO,,,nginx,high,2026-10-01
3108148,rosienewcanaan.com,https://rosienewcanaan.com/,HOME - Rosie,en-us,,,6.0.16,bb-theme,bb-theme-child,bb-plugin,1,,Beaver Builder,,,,Apache,high,2026-10-01
3123956,kingdomnomics.com,https://kingdomnomics.com/,"KingdomNomics – Invest your time, talent and treasure in heaven",en-us,,,,monochrome-pro,,advanced-gutenberg;formidable;genesis-blocks;megamenu;megamenu-pro;simple-social-icons;wp-smushit,7,,,,,,cloudflare,high,2026-10-01
3142831,bridgeway.com,https://bridgeway.com/,"Statistical, Evidence Based Investing | Bridgeway Capital Management",en-us,,,7.1.2,foundation,,,0,,,Yoast SEO,,Flywheel,Flywheel,high,2026-10-01
3181160,jeffwarren.org,https://jeffwarren.org/,Home | Jeff Warren,en,,,,,,,0,,,,,,BigScoots Gateway,high,2026-10-01
3214418,thedatatrust.com,https://thedatatrust.com/,Home - Data Trust,en-us,,,,salient,,gravity-forms-zero-spam;gravityforms;gravityformsrecaptcha;js_composer_salient;salient-core,5,,,Yoast SEO,,WP Engine,cloudflare,high,2026-10-01
3222185,ricawrites.com,https://ricawrites.com/,Author Rica Ramos-Keenum | Author Rica Ramos Keenum,en-us,,,7.1.2,ashe,,contact-form-7;wordpress-popup;wp-content-copy-protector,3,,,Yoast SEO,,,nginx,high,2026-10-01
3228337,ochigallery.com,https://ochigallery.com/,,en-us,,,,ochigallery,,google-site-kit;mailchimp,2,,,Yoast SEO,,,nginx,high,2026-10-01
3230070,naturevalley.com,https://www.naturevalley.com,"Nature Valley | Protein, Nut & Granola bars & Snacks",en-us,,,,,,,0,,,,,WP Engine,cloudflare,high,2026-10-01
3258421,bruns.de,https://www.bruns.de/en/home-en/,Bruns Pflanzen – Pflanzen seit 1876,en-gb,DE,Germany,7.1.2,landmaster,,ays-popup-box;category-posts;contact-form-7;contact-form-7-honeypot;download-monitor;elementor;essential-grid;liquid-custom-builder;revslider;shapepress-dsgvo;simple-lightbox;woo-paypalplus;woocommerce;woocommerce-germanized;wp-menu-cart-pro,15,WooCommerce,Elementor,,,,Apache,high,2026-10-01
3280481,sensprout.com,https://sensprout.com/,SenSprout(センスプラウト),ja,,,6.8.10,zerif-pro,,cf7-conditional-fields;contact-form-7;pirate-forms,3,,,,,,cloudflare,high,2026-10-01
3281658,sandjournal.com,https://sandjournal.com/,"Home - SAND Journal | Literature & Art | Based in Berlin, Germany",en-us,,,7.1.2,astra,,contact-form-7;ele-custom-skin;elementor;elementor-pro;exclusive-team-for-elementor;give;void-elementor-post-grid-addon-for-elementor-page-builder;woocommerce;woocommerce-subscriptions;wp-google-maps,10,WooCommerce,Elementor,Yoast SEO,,,cloudflare,high,2026-10-01
3292053,mycariboonow.com,https://www.mycariboonow.com/,"My Cariboo Now - local news, radio, events and weather.",en-ca,,,,newspaper,newspaper-child,td-cloud-library;td-composer;vista-addons-v2;wp-user-avatar,4,,,Yoast SEO,,,cloudflare,high,2026-10-01
3313291,eattheblocks.com,https://eattheblocks.com/,The #1 Community for AI Solopreneurs,en-us,,,5.8.17,,,mailchimp-for-wp;rest-api-comment;thrive-visual-editor,3,,Thrive Architect,Yoast SEO,,,nginx,high,2026-10-01
3344575,rentalmobilbali.net,https://www.rentalmobilbali.net/,Wira Tour Bali | Biro Perjalanan Resmi di Bali,id,,,,mai-prosper,,genesis-blocks;jetpack;mai-engine;mai-icons;tablepress;wp-consent-api,6,,,Yoast SEO,,,cloudflare,high,2026-10-01
3356376,lynns-books.com,https://lynns-books.com/,Books and travelling with Lynn | @lynnsbooks – book reviews and travel musings…,en,,,,WordPress.com theme,,gutenberg-core,1,,,,,WordPress.com / VIP,nginx,high,2026-10-01
3362571,isabellamayauthor.com,https://isabellamayauthor.com/,Isabella May Author – Foodie Romance Journeys,en,,,,WordPress.com theme,,gutenberg-core,1,,,,,WordPress.com / VIP,nginx,high,2026-10-01
3363034,insaatim.com,https://www.insaatim.com/,İnşaatım.com | İnşaat ve Mimari Bilgi Paylaşım Sitesi,tr,,,,,,cost-calculator-builder;litespeed-cache,2,,,,,,LiteSpeed,high,2026-10-01
3402261,sagerountree.com,https://sagerountree.com/,Become a Better Yoga Teacher - Home | Sage Rountree,en-us,,,,divi,,related-posts-by-taxonomy;w3-total-cache;wp-dark-mode,3,,Divi,Rank Math,,,cloudflare,high,2026-10-01
3413025,miracleofscience.us,https://miracleofscience.us/,Miracle of Science Bar + Grill – neighborhood bar and restaurant,en-us,US,United States,7.1.2,salient,salient-child,js_composer_salient;salient-core;salient-nectar-slider;salient-portfolio;ultimate_vc_addons;wp-post-modal,6,,,,,,nginx,high,2026-10-01
3445422,airbg.info,https://airbg.info/,AirBG,bg-bg,,,,,,,0,,,,,,cloudflare,high,2026-10-01
3449257,wikirise.com,https://www.wikirise.com/,Wikirise – My WordPress Blog,en-us,,,7.1.2,hybridmag,,wp-rss-aggregator,1,,,,,,cloudflare,high,2026-10-01
3465304,polarbeverages.com,https://polarbeverages.com/,Polar Beverages – Making Bubbles Since 1882,en-us,,,7.1.2,hello-elementor,,elementor;elementor-pro;feeds-for-youtube;instagram-feed-pro,4,,Elementor,,,,nginx,high,2026-10-01
3491403,ecswe.eu,https://ecswe.eu/,Home - European Council for Steiner Waldorf Education,en-us,EU,European Union,6.8.10,,,contact-form-7;contact-form-7-honeypot;layerslider,3,,,Yoast SEO,,,cloudflare,high,2026-10-01
3504021,antell-md.com,https://antell-md.com/,"Plastic Surgery In New York City | Darrick E. Antell M.D., F.A.C.S.",en,,,,antell_md_com,,reviews-feed-pro,1,,,Yoast SEO,,,cloudflare,high,2026-10-01
3512327,ulacit.ac.cr,https://ulacit.ac.cr/,ULACIT Costa Rica | Universidad Líder en Innovación y Excelencia Académica,es,CR,Costa Rica,7.0.2,hello-theme-child-master,,click-to-chat-for-whatsapp;custom-widgets-arw;elementor;elementor-pro;freemius-premium;guias-de-horario;pojo-accessibility;safe-svg;tablepress;url-shortify;woocommerce,11,WooCommerce,Elementor,Yoast SEO,,,cloudflare,high,2026-10-01
3513917,tokyo-night-market.com,https://tokyo-night-market.com/,東京ナイトマーケット,ja,,,7.0.6,uncode,,translatepress-multilingual,1,,,Yoast SEO,TranslatePress,,nginx,high,2026-10-01
3559259,clintonfoundationtimeline.com,https://www.clintonfoundationtimeline.com/,Home - The Clinton Foundation Timeline,en-us,,,7.0.5,pro,pro-child,collapsing-category-list;contact-form-7;pdf-poster;recent-posts-widget-extended;revslider;simple-social-icons;wonderplugin-video-embed;wp-pagenavi,8,,,Yoast SEO,,WP Engine,cloudflare,high,2026-10-01
3563691,blindekuh.ch,https://blindekuh.ch/,"Dunkelrestaurant, Essen im Dunkeln: blindekuh Basel & Zürich",de-de,CH,Switzerland,7.1.2,gws-blindekuh,,gws-debugian;sitepress-multilingual-cms,2,,,Rank Math,WPML,,nginx,high,2026-10-01
3565480,balidivingschool.com,https://balidivingschool.com/,Bali Diving School | Diving In Bali | Scuba Diving Trip Bali,en-us,,,,divi,,,0,,Divi,,,,Apache,high,2026-10-01
3569831,addix.co.jp,https://addix.co.jp/,株式会社ADDIX,ja,JP,Japan,7.1.2,addix,,,0,,,,,,Apache,high,2026-10-01
3590184,playparadisecoast.com,https://playparadisecoast.com/,Naples Sports Complex | Paradise Coast Sports Complex,en-us,,,,hello-elementor,,elementor;elementor-pro;event-tickets;events-calendar-pro;filebird;jetpack;peicp;termageddon-usercentrics;the-events-calendar,9,,Elementor,Yoast SEO,,Kinsta,cloudflare,high,2026-10-01
3619608,devenirbelle.com,https://www.devenirbelle.com/,Comment être belle : astuces beauté pour être plus belle.,fr-fr,,,6.9,twentytwenty,,all-in-one-seo-pack;simple-google-adsense,2,,,All in One SEO,,o2switch,o2switch-PowerBoost-v3,high,2026-10-01
3626543,bujarra.com,https://www.bujarra.com/,Blog Bujarra.com | Blog Bujarra.com,es,,,7.1.2,pro-voice-blog,,advanced-related-posts;all-in-one-seo-pack;cleantalk-spam-protect;darklup;easy-fancybox;elementor;email-subscribers;enlighter;html5-cumulus;popup-maker;recent-posts-widget-with-thumbnails;super-rss-reader-pro;transposh-translation-filter-for-wordpress;tutor;wordpress-popular-posts,15,,Elementor,All in One SEO,,,LiteSpeed,high,2026-10-01
3629235,bedfordsquarepublishers.co.uk,https://bedfordsquarepublishers.co.uk/,Bedford Square Publishers,,GB,United Kingdom,7.1.2,bedford-square,,bookswarm-essentials-toolkit;easy-social-icons;gravity-forms-zero-spam;gravityforms;hustle;interactive-3d-flipbook-powered-physics-engine;simple-banner;toolset-blocks;wp-smush-pro,9,,,,,Kinsta,cloudflare,high,2026-10-01
3645030,tarhimtashrifat.com,https://tarhimtashrifat.com/,خانه - ترحیم و تشریفات,fa-ir,,,7.0,impreza,,elementor;elementor-pro,2,,Elementor,Yoast SEO,,,,high,2026-10-01
3667129,litescape.com,https://www.litescape.com/,LiteScape – Not Just Talk,en-us,,,6.9.9,twentyseventeen,,mobile-menu;social-icons-widget-by-wpzoom;wp-megamenu,3,,,,,,Microsoft-IIS,high,2026-10-01
3670403,kaleisure.com,https://kaleisure.com/,Home - KA Leisure,en-gb,,,7.1.2,divi,,acf-pricing-slider-v11-sticky-features;ajax-search-lite;awsm-team-pro;complianz-gdpr;gravityforms;gravityformsrecaptcha;knight-classes;simple-post-redirect,8,,Divi,Yoast SEO,,,Apache,high,2026-10-01
3686390,danlovesguitars.com,https://danlovesguitars.com/,Dan Loves Guitars - A guitar-head writes about the music and gear he loves.,en-us,,,,,,,0,,,,,,cloudflare,high,2026-10-01
3744273,halspages.com,https://halspages.com/,Hal's Pages | Still awesome.,en-us,,,6.7.9,feather,,opacity-tags;responsive-lightbox-lite;simple-featured-posts-widget,3,,,,,,Apache,high,2026-10-01
3746812,gcap.com.au,https://gcap.com.au/,GCAP26,,AU,Australia,7.1.2,gcap2022,,halfdata-optin-locker;mp-timetable;sg-cachepress,3,,,Yoast SEO,,,nginx,high,2026-10-01
3761186,butlercountymetroparks.org,https://butlercountymetroparks.org/,Peptide Parks - Quality Research Chemicals from BCMP,en-us,,,7.0.6,thrive-theme,,contact-form-7;thrive-visual-editor,2,,Thrive Architect,Yoast SEO,,,cloudflare,high,2026-10-01
3768598,albaneseorg.com,https://albaneseorg.com/,Albanese,en,,,6.7.1,albanese,,,0,,,,,,Apache,high,2026-10-01
3779990,themaidstone.com,https://themaidstone.com/,LDV At The Maidstone - East Hampton's Historic Gem,en-us,,,7.0.6,ldv-pro,,google-analytics-for-wordpress;ldv-plug;lightweight-cookie-notice-free;page-scroll-to-id;wp-consent-api;wp-popups-lite,6,,,Yoast SEO,,Flywheel,Flywheel,high,2026-10-01
3781417,tendinteinmoda.com,https://tendinteinmoda.com/,Game Poker Online Indonesia Uang Asli Terpercaya,id,,,,point,,,0,,,Rank Math,,,cloudflare,high,2026-10-01
3813180,kagairo.co.jp,https://kagairo.co.jp/,大阪の老舗料亭 花外楼,ja,JP,Japan,,kagairo,,cookie-notice,1,,,,,,Apache,high,2026-10-01
3869298,saltwaternomads.com,https://saltwaternomads.com/,Home - Saltwater Nomads,en-us,,,6.9.9,werkstatt,,js_composer;mailin;rich-event-timeline,3,,WPBakery,Yoast SEO,,,LiteSpeed,high,2026-10-01
3886003,lifearchitect.com,https://lifearchitect.com/,Life Architect,en,,,,,,,0,,,Rank Math,,,LiteSpeed,high,2026-10-01
3897256,graftingardeners.co.uk,https://www.graftingardeners.co.uk/,Tree Surgeon In London | GraftinGardeners Ltd,en-gb,GB,United Kingdom,,oxygen-is-not-a-theme,,formidable;honeypot;oxygen,3,,Oxygen,Rank Math,,,cloudflare,high,2026-10-01
3903985,expatland.com,https://www.expatland.com/,Expat Services Company | Expatland,en-us,,,,expatland,,autoptimize;gravityforms,2,,,Yoast SEO,,WP Engine,cloudflare,high,2026-10-01
3915351,creditnews.it,https://www.creditnews.it/,CreditNews - il magazine dedicato al mondo del credito,it-it,IT,Italy,,hello-elementor,hello-elementor-child,addons-for-elementor;adrotate-pro;contact-form-7;dynamic-visibility-for-elementor;elementor;elementor-pro;gn-publisher;hcaptcha-for-forms-and-more;matomo;pixelyoursite-pro;top-10;wordpress-popular-posts,12,,Elementor,Yoast SEO,,,Apache,high,2026-10-01
3930623,avidplumbing.com,https://avidplumbing.com/,"Plumber in Madison, WI | Emergency Plumber Near Me",en-us,,,7.1.2,avidplumbing,,akismet;blue_corona_rrp;citystate;gravity-forms-zero-spam;gravityforms;popup-maker,6,,,,,WP Engine,cloudflare,high,2026-10-01
3967650,motrparts.com,https://www.motrparts.com/,"Buy Car Spare Parts online, Genuine Car Spare Parts India",en-us,,,7.1.2,electro,electro-child,cash-on-delivery-pro-for-woocommerce;contact-form-7;motrparts-search;orion-login-with-sms;woocommerce;woocommerce-products-filter;woocommerce-social-login,7,WooCommerce,,Rank Math,,,ronxtech-nginx,high,2026-10-01
3971527,martinez-cidlaw.com,https://martinez-cidlaw.com/,Martinez-Cid Law – Excellence in Litigation and Legal Counseling,en-us,,,,finpath,finpath-child,elementor;elementor-pro;elementskit;elementskit-lite;gravityforms;keydesign-framework;safe-svg,7,,Elementor,,,WP Engine,cloudflare,high,2026-10-01
4016462,blackmusicfestival.org,https://blackmusicfestival.org/,Black Music Festival,en,,,6.8.9,blackmusicfestival,,contact-form-7;essential-grid;import-eventbrite-events;js_composer;layerslider;photonic;woocommerce;woocommerce-gateway-paypal-express-checkout;wp-jackbox,9,WooCommerce,WPBakery,,,Hostinger,hcdn,high,2026-10-01
4036552,swintonandgrant.com,http://swintonandgrant.com/,"Swinton And Grant | Brave Art, Brave People",es-es,,,4.4.34,neighborhood,,cookie-monster;envato-wordpress-toolkit;feed-them-social;instagram-feed;jetpack;revslider;simple-instagram;sitepress-multilingual-cms;woocommerce;woocommerce-multilingual;woocommerce-product-details-customiser;wp-retina-2x;wpml-cms-nav,13,WooCommerce,,,WPML,,Apache,high,2026-10-01
4090776,filmperlen.com,https://filmperlen.com/,Filmperlen – Filmverleih + Filmagentur,de,,,6.3.12,,,autoptimize;elementor,2,,Elementor,,,,nginx,high,2026-10-01
4094783,drugfreemhc.org,https://drugfreemhc.org/,DrugFreeMHC,en-us,,,7.1.2,one-page-express,,akismet;contact-form-7;custom-facebook-feed;jetpack;one-page-express-companion,5,,,,,WordPress.com / VIP,nginx,high,2026-10-01
4095898,digitalpreservation.nl,https://digitalpreservation.nl/,Digital Preservation Seeds - by Barbara Sierman,en-gb,NL,Netherlands,,bktheme,,,0,,,Yoast SEO,,,Apache,high,2026-10-01
4101376,cento.com,https://www.cento.com/,Cento Fine Foods | Authentic Italian Food Products & Recipes,en-us,,,7.1.2,hello-biz,,bottle-to-branch;btmb-back-to-my-boat;cento-articles;cento-products-shortcode;cento-recipes;elementor;elementor-pro;find-my-field-traceability;header-footer-elementor;jetpack;nutrition-facts;pac-catalog;seo-by-rank-math-pro,13,,Elementor,Rank Math,,,nginx,high,2026-10-01
4136102,sunsetcelebration.org,https://www.sunsetcelebration.org/,Sunset Celebration at Mallory Square – Key West's Longest Running Arts Festival,en-us,,,7.1.2,generatepress,,elementor;safe-svg,2,,Elementor,,,,nginx,high,2026-10-01
4142319,seb.so,https://seb.so/,seb.so – tech director / engineer,en-gb,SO,Somalia,7.0.6,twentytwentyfive,,donate-button,1,,,,,,Apache,high,2026-10-01
4152614,okachi.co.jp,https://www.okachi.co.jp/,岡地株式会社 | 金・原油のデリバティブ取引は信頼の岡地へ,ja,JP,Japan,6.8.6,okachi,,flexible-table-block;ml-slider;popup-maker;wp-pagenavi,4,,,,,,Apache,high,2026-10-01
4153773,nofod.org,https://www.nofod.org/,NOFOD – Nordic Forum for Dance Research,en-us,,,5.6.21,catch-evolution,,,0,,,,,,Apache,high,2026-10-01
4155245,namc-um.org,https://namc-um.org/,Home | NAMC - Upper Midwest,en-us,,,,blocksy,blocksy-child,blocksy-companion-pro;elementor;elementor-pro;memberpress;perfmatters;seo-by-rank-math-pro;ultimate-member,7,,Elementor,Rank Math,,Flywheel,Flywheel,high,2026-10-01
4162954,lemontreetrust.org,https://lemontreetrust.org/,Gardening in Refugee Camps | Lemon Tree Trust,en-gb,,,,ltt2017,,contact-form-7;download-after-email;gtranslate;instagram-feed;stackable-ultimate-gutenberg-blocks;wp-smushit,6,,,Yoast SEO,GTranslate,,cloudflare,high,2026-10-01
4168349,janvanhoofgalerie.nl,https://janvanhoofgalerie.nl/,"home Dikken, Link en Versloot - jan van hoof galerie",nl-nl,NL,Netherlands,,,,,0,,,Yoast SEO,,,nginx,high,2026-10-01
4171392,humordemorgan.com,https://www.humordemorgan.com/,J. Morgan - Dibujante,es,,,7.1.2,virtue_premium,virtue_premium-child,elementor;elementor-pro;gdpr-cookie-compliance,3,,Elementor,Yoast SEO,,,nginx,high,2026-10-01
4177589,free-cf.com,https://www.free-cf.com/,Free-CF - The Rise Of Mexican Casinos,en-us,,,7.1.2,petlife-lite,,addthis;auto-terms-of-service-and-privacy-policy;contact-form-7,3,,,Yoast SEO,,,BunnyCDN-IL1-1029,high,2026-10-01
4184780,die-rechte.com,https://die-rechte.com/,DIE RECHTE,de-de,,,4.7,twentyseventeen,,,0,,,,,,cloudflare,high,2026-10-01
4195848,bierfabriek.com,https://www.bierfabriek.com/,Bierfabriek - Brouwerij & Restaurant,nl-nl,,,,build-a-rocket,,gdpr-cookie-compliance;google-analytics-dashboard-for-wp;mailjet-for-wordpress;tempel-settings,4,,,Yoast SEO,,,nginx,high,2026-10-01
4196871,bdl-stillen.de,https://bdl-stillen.de/,Stillen – das Beste für Mutter und Kind - BDL,de,DE,Germany,7.1.2,generatepress,,contact-form-7;ditty-news-ticker;events-calendar-pro;gp-premium;registrations-for-the-events-calendar-pro;simple-membership;the-events-calendar;top-bar;ultimate-blocks,9,,,Rank Math,,,Apache,high,2026-10-01
4218609,tallerdepracticasfilosoficas.com,https://tallerdepracticasfilosoficas.com/,Taller de Prácticas Filosóficas,es,,,,WordPress.com theme,,custom-fonts;gutenberg-core,2,,,,,WordPress.com / VIP,nginx,high,2026-10-01
4226840,sapphirelasvegas.com,https://sapphirelasvegas.com/,"Sapphire Las Vegas | Strip Club Las Vegas, Las Vegas Gentlemen's Club",en-us,,,,hello-elementor,,all-in-one-seo-pack;jet-menu;uvwpintegrations,3,,Elementor,All in One SEO,,,cloudflare,high,2026-10-01
4239594,onlinedemand.net,https://onlinedemand.net/,Home - Online Demand & Digital Marketing Ideas,en-us,,,7.1.2,generatepress,,stackable-ultimate-gutenberg-blocks,1,,,Yoast SEO,,,cloudflare,high,2026-10-01
4262288,ip-profis.de,https://www.ip-profis.de/,"Hosting, Technik und mehr - IP-Profis",de,DE,Germany,7.1.2,gridbox,,rich-table-of-content,1,,,Yoast SEO,,,cloudflare,high,2026-10-01
4270916,geschmacksmomente.com,https://geschmacksmomente.com/,Startseite - Geschmacksmomente,de,,,,geschmacksmomente,,elementor;elementor-pro,2,,Elementor,Yoast SEO,,,nginx,high,2026-10-01
4281975,discovercreation.org,https://www.discovercreation.org/,Welcome! » Alpha Omega Institute,en-us,,,6.9.9,styleshop,,all-in-one-event-calendar;bloom;contact-form-7;custom-twitter-feeds;rotatingtweets;wp-popups-lite,6,,,Yoast SEO,,,Apache,high,2026-10-01
4333708,revitalvision.com,https://www.revitalvision.com/,RevitalVision - Unique brain science to improve vision,en-us,,,,revital_vision,,add-to-any;cookie-law-info;responsive-youtube-vimeo-popup;sitepress-multilingual-cms;woocommerce;wp-rocket,6,WooCommerce,,Yoast SEO,WPML,WP Engine,nginx,high,2026-10-01
4354329,lovethyneighborhood.org,https://lovethyneighborhood.org/,Love Thy Neighborhood Podcast - Love Thy Neighborhood Podcast,en-us,,,7.1.2,ltn,ltn-child,js_composer_salient;salient-core;salient-portfolio,3,,,Yoast SEO,,Flywheel,cloudflare,high,2026-10-01
4371331,hayleyjane.com,https://hayleyjane.com/,"Hayley Jane – The music, art, and live performance dates of Hayley Jane",en-us,,,7.1.2,astra,,astra-addon;mailpoet;ultimate-addons-for-gutenberg;woocommerce-square,4,WooCommerce,Spectra,,,,Apache,high,2026-10-01
4387953,eatonfamilylawgroup.com,https://eatonfamilylawgroup.com/,Houston Family Law Firm | Eaton Family Law Group,en-us,,,,hello-elementor,,cleantalk-spam-protect;contact-form-7;contact-form-7-honeypot;elementor;elementor-pro;jet-engine;wp-rocket,7,,Elementor,Yoast SEO,,,Apache,high,2026-10-01
4411041,barnplantorna.se,https://barnplantorna.se/,Barnplantorna – Barnplantorna,sv-se,SE,Sweden,7.0.6,theretailer,,contact-form-7;hookmeup;js_composer;the-events-calendar;the-retailer-deprecated;the-retailer-extender;the-retailer-portfolio;woocommerce,8,WooCommerce,WPBakery,Yoast SEO,,,nginx,high,2026-10-01
4412093,azisaka.com,https://azisaka.com/,Azisaka Koji,en,,,,,,,0,,,,,,Netlify,medium,2026-10-01
4456373,pasborg.dk,https://www.pasborg.dk/,Stefan Pasborg - official website,en-us,DK,Denmark,6.7.9,acoustics,,ba-shortcodes;count-per-day;gigpress;newsletter;special-recent-posts;wp-pagenavi,6,,,,,,Simply.com,high,2026-10-01
4458895,onishihiroyuki.jp,https://www.onishihiroyuki.jp/,大西 ひろゆき Official Site,ja,JP,Japan,7.1.2,onishihiroyuki_v11,,page-links-to,1,,,,,,LiteSpeed,high,2026-10-01
4463584,natcaplyme.org,https://natcaplyme.org/,NatCapLymeHome - NatCapLyme,en,,,,natcaplyme,,custom-facebook-feed;events-manager;gravity-forms-zero-spam;gravityforms;instagram-feed;wp-analytify-pro;wp-fullcalendar,7,,,Yoast SEO,,WP Engine,cloudflare,high,2026-10-01
4472655,maggieoverbystudios.com,https://maggieoverbystudios.com/,"Maggie Overby Studios - Making the house a home without a high end budget. Design, Interiors, DIY and Vintage.",en-us,,,7.1.2,graceful,,bluehost-wordpress-plugin;contact-form-7;jetpack;shop-page-wp,4,,,Yoast SEO,,,Apache,high,2026-10-01
4493619,freedomride.com,https://www.freedomride.com/,Therapeutic Horseback Riding Freedom Ride Inc. Orlando | Freedom Ride,en-us,,,7.1.2,bridge,,contact-form-7;easy-paypal-donation;js_composer;popup-builder;revslider;tablepress;wp-ecommerce-paypal,7,,WPBakery,,,,nginx,high,2026-10-01
4495403,ferment.pl,https://ferment.pl/,Wydawnictwo ferment,pl-pl,PL,Poland,5.6.21,wydawnictwo-ferment,,ajax-search-for-woocommerce;contact-form-7;siteorigin-panels;so-widgets-bundle;to-top;woo-inpost;woo-product-slider-and-carousel-with-category;woocommerce,8,WooCommerce,SiteOrigin,Yoast SEO,,,nginx,high,2026-10-01
4560194,osterlenbryggarna.se,https://www.osterlenbryggarna.se/,Österlenbryggarna - Anno 1953,en,SE,Sweden,6.1.1,laon-wine-house,laon-wine-house-child,add-to-any;age-gate;contact-form-7;cookie-notice;feed-them-social;gdpr-framework;google-analytics-for-wordpress;iks-menu;js_composer;menu-image;trx_addons;vc-extensions-bundle;woocommerce,13,WooCommerce,WPBakery,Yoast SEO,,,nginx,high,2026-10-01
4573691,lgpsdivest.org,https://lgpsdivest.org/,Home - LGPS Divest,en-us,,,7.1.2,divi,,monarch,1,,Divi,Yoast SEO,,,cloudflare,high,2026-10-01
4581206,isf-festival.it,https://isf-festival.it/,Isf Festival – Approfondimenti in italiano,it-it,IT,Italy,7.0.4,feature,,,0,,,,,,BunnyCDN-NY1-1313,high,2026-10-01
4588082,grajales.net,https://grajales.net/en/,Mount Aconcagua: The Ultimate Climb and Trekking Adventure,en-us,,,,gnar,,litespeed-cache,1,,,Yoast SEO,,,LiteSpeed,high,2026-10-01
4599585,diskursdisko.de,https://diskursdisko.de/,Besser diskutieren und klarer argumentieren – Diskursdisko,de,DE,Germany,7.1.2,twentytwentyfive,diskursdisko-twentytwentyfive-child,,0,,,,,,cloudflare,high,2026-10-01
4602398,ctfoleads.com,https://ctfoleads.com/,ctfoleads.com,en-us,,,6.5.12,generatepress,,,0,,,,,Hostinger,hcdn,high,2026-10-01
4604032,communitybrd9bklyn.org,https://communitybrd9bklyn.org/,"Mushrooms, THCa, Delta 9, Peptides & Gold IRAs: A Winning Formula - Communitybrd9bklyn",en-us,,,7.0.6,newsexo,,,0,,,Rank Math,,,cloudflare,high,2026-10-01
4610655,bmaarchitects.com,https://www.bmaarchitects.com/,BMA Architects - New York & Miami,en-us,,,,divi,,divi-machine;divi-mobile;dizo-image-hover;ds-divi-icon-party;wow-divi-carousel,5,,Divi,Yoast SEO,,WP Engine,cloudflare,high,2026-10-01
4639109,spoonlady.com,https://spoonlady.com/,Abby the Spoon Lady ⋆,en-us,,,7.1.2,twentytwentyone,,cookie-law-info,1,,,Yoast SEO,,,cloudflare,high,2026-10-01
4648397,reflexionsetgourmandises.com,https://reflexionsetgourmandises.com/,Réflexions et Gourmandises,fr-fr,,,,donovan,,complianz-gdpr;mailpoet;matomo;megamenu;newsletter;woocommerce;woocommerce-payments,7,WooCommerce,,,,,Apache,high,2026-10-01
4672039,leafproject.org,https://leafproject.org/,"Tin Tức Mỗi Ngày – Cập Nhật Nhanh, Đầy Đủ Mọi Lĩnh Vực",vi,,,,national-news,,foxtool,1,,,Yoast SEO,,,cloudflare,high,2026-10-01
4677561,jjsmithonline.com,https://www.jjsmithonline.com/,JJ Smith,en,,,7.1.2,jjsmith,,easy-fancybox;hurrytimer;nelio-ab-testing;pixelyoursite;popup-maker;search-filter-pro;spamkill;ultimate-blocks;wordpress-popular-posts;wp-pagenavi;wp-user-avatar;wpforms;wpforms-user-journey,13,,,,,,cloudflare,high,2026-10-01
4677962,jenniferrpovey.com,https://jenniferrpovey.com/,Jennifer R. Povey – Author and Editor,en-us,,,,twentytwentyfive,,sg-cachepress;simple-social-icons,2,,,,,,nginx,high,2026-10-01
4682949,homebisnes.com,https://homebisnes.com/,Perniagaan di Rumah | Just another WordPress site,en-us,,,3.2.1,twentyeleven,,,0,,,,,,cloudflare,high,2026-10-01
4686748,gouldpianotrio.com,https://www.gouldpianotrio.com/,The Gould Piano Trio - ..trio playing at it's best.,en-gb,,,7.1.2,music,,,0,,,,,,LiteSpeed,high,2026-10-01
4698470,djudiscrap.com,https://djudiscrap.com/,Djudi'Scrap – Démonstratrice Stampin'Up France domiciliée à Paris,fr-fr,,,7.1.2,photology-themes,,contact-form-7;srs-simple-hits-counter;wp-retina-2x;wysija-newsletters,4,,,,,,Apache,high,2026-10-01
4722741,zumeline.fr,https://www.zumeline.fr/,Accessoires textiles - Zéro Déchet - Ateliers couture,fr-fr,FR,France,,divi,,cookie-law-info;customer-reviews-woocommerce;divi-essential;event-tickets;events-calendar-pro;instagram-feed;mailin;monarch;woo-customers-order-history;woo-fly-cart;woocommerce;woocommerce-gateway-stripe;woocommerce-payments;woocommerce-paypal-payments;wp-pagenavi,15,WooCommerce,Divi,,,,Apache,high,2026-10-01
4751347,planetsauceradio.com,https://planetsauceradio.com/,Planet Sauce Radio - get some sauce on it,en-us,,,7.1.2,planet-sauce,,all-in-one-seo-pack;elementor;fluentform;google-analytics-for-wordpress;sassy-social-share;wise-chat,6,,Elementor,All in One SEO,,,Apache,high,2026-10-01
4791363,dorian.jp,https://dorian.jp/,ドリアン｜千葉の有機農家ネットワーク,ja,JP,Japan,7.1.2,arkhe,,ml-slider,1,,,,,,nginx,high,2026-10-01
4824415,thebronyshow.net,https://thebronyshow.net/,"The Brony Show – The live show for bronies, by bronies!",en-us,,,6.6.9,mantra,,,0,,,,,,cloudflare,high,2026-10-01
4840655,pcucommittee.com,https://pcucommittee.com/,PCU Committee,en,,,6.7.9,enfold,enfold-child,cf7-repeatable-fields;complianz-gdpr;contact-form-7;no-right-click-images-plugin;wp-smushit,5,,,,,,Apache,high,2026-10-01
4861126,inspiresaude.pt,https://www.inspiresaude.pt/,Inspire Saúde. – Portal da saude e bem estar!,pt-pt,PT,Portugal,6.8.10,publisher,,js_composer,1,,WPBakery,,,,Apache,high,2026-10-01
4869086,frugalpatti.com,https://frugalpatti.com/,Frugal Patti - Frugal Living Tips ~ Enjoy the Good Life onLess,en-us,,,7.1.2,brunchpro-v440,,block-options;pinterest-pin-it-button-for-images;simple-social-icons;social-pug;wp-recipe-maker,5,,,Yoast SEO,,,nginx,high,2026-10-01
4886547,braun-windturbinen.com,https://braun-windturbinen.com/,ANTARIS Kleinwindkraftanlagen | Windanlage für Haus & Garten,de-de,,,7.0.6,hello-elementor,,contact-form-7;elementor;elementor-pro;header-footer-elementor;mimetypes-link-icons;sitepress-multilingual-cms;smooth-scroll-up;user-access-manager;wp-lightbox-2;wpml-cms-nav,10,,Elementor,Rank Math,WPML,,Apache,high,2026-10-01
4910626,szoftver.hu,https://szoftver.hu/,Home - Szoftver.hu,hu-hu,HU,Hungary,,twentytwentyone,,depicter;multisite-admin;oxygen;theme-my-login,4,,Oxygen,Yoast SEO,,,,high,2026-10-01
4912029,stormforce.biz,https://stormforce.biz/,"Stormforce - Sail & Power Boat Training, Charter & Holidays",en-us,,,7.1.2,divi,,,0,,Divi,,,,cloudflare,high,2026-10-01
4912623,statushindime.com,https://statushindime.com/,Mengenal Daftar Casino Online dan Risiko yang Perlu Dipahami,en-us,,,7.1.2,news-access,,,0,,,,,,Apache,high,2026-10-01
4952877,historicknit.co.uk,https://historicknit.co.uk/,The Historic Knit | Military and historic knitting,en-us,GB,United Kingdom,7.1.2,twentytwelve,,contact-form-7;simple-lightbox,2,,,,,,Apache,high,2026-10-01
4987982,admiral-nelson.de,https://admiral-nelson.de/,Admiral Nelson | Das Pannekoekschip in Bremen,nl-nl,DE,Germany,7.1.2,riseandshine,,contact-form-7;cookie-notice;dp-divi-dsgvo,3,,Divi,,,,nginx,high,2026-10-01
5000818,thegirlsguidetodepravity.com,https://thegirlsguidetodepravity.com/,The Girl's Guide To Depravity | The guide for the girl who wants to get laid without getting screwed,en-us,,,,dulce,,twitter-facebook-google-plusone-share,1,,,,,,cloudflare,high,2026-10-01
5008306,sicily-travel.ru,https://sicily-travel.ru/,Остров Сицилия. Часть Италии или нечто большее?,ru-ru,RU,Russia,,root,,travelpayouts,1,,,Yoast SEO,,,nginx,high,2026-10-01
5052937,foxfullerton.org,https://www.foxfullerton.org/,Fullerton Historic Theatre Foundation - Fox Theatre Fullerton,en-us,,,6.9.9,hello-elementor,,elementor;elementor-pro;header-footer-elementor;jeg-elementor-kit,4,,Elementor,Rank Math,,,Apache,high,2026-10-01
5083769,alexandreporfirio.com,https://alexandreporfirio.com/,"Alexandre Porfírio - Desenvolvedor com mais de 200 apps publicados e especialista em Smart TV, Connected TV, streaming e IA.",pt-br,,,6.9.9,kadence,,wp-typography,1,,,Yoast SEO,,,nginx,high,2026-10-01
5087686,zum-harzer.de,https://zum-harzer.de/,Home - Hotel Zum Harzer Clausthal-Zellerfeld,de,DE,Germany,,yootheme,,borlabs-cookie;formidable;wp-forecast,3,,,Yoast SEO,,,Apache,high,2026-10-01
5089730,workingmanresumes.com,https://workingmanresumes.com/,Working Man Resumes,,,,2.8.6,wordpressthemes,,contact-form-7;sexybookmarks,2,,,,,,Apache,high,2026-10-01
5091261,webullition.info,https://www.webullition.info/,"- Le média du Master Journalisme et médias numériques - Université de Lorraine, Metz",fr-fr,,,,minimal-grid,,,0,,,Yoast SEO,,,Apache,high,2026-10-01
5096676,topwiral.com,http://www.topwiral.com/,91Ƭ_91Ƭ_91Ƭ߹ۿ,en-us,,,7.1.2,divi,divi-child,gravityforms;tablepress;weglot;worth-the-read;wp-accessibility;wp-live-chat-software-for-wordpress;youtube-embed-plus,7,,Divi,Yoast SEO,Weglot,,nginx,high,2026-10-01
5107471,settimanadellacomunicazione.it,https://settimanadellacomunicazione.it/,Home - Settimana Della Comunicazione,it-it,IT,Italy,,dt-the7,dt-the7-child,add-to-any;contact-form-7;ct-ultimate-gdpr;dt-the7-core;eventon;js_composer;real3d-flipbook;ultimate_vc_addons,8,,WPBakery,Yoast SEO,,,Apache,high,2026-10-01
5115679,polyplanity.com,https://www.polyplanity.com/,Homepage - Polyplanity Productions,el,,,,busy,,sitepress-multilingual-cms,1,,,Yoast SEO,WPML,,cloudflare,high,2026-10-01
5118599,panprase.cz,https://panprase.cz/,PanPrase.cz – tak trochu nostalgický blog o časech minulých a starých technologiích,cs,CZ,Czech Republic,,hueman,,wp-downloadmanager;wp-statistics,2,,,,,,Apache,high,2026-10-01
5152944,fundacio-francescpujols.cat,https://fundacio-francescpujols.cat/,Fundació Francesc Pujols,ca,,,5.9.18,generatepress,municipis-child,addthis;contact-form-7;gdpr-cookie-compliance;gp-premium;gutenslider;lightweight-social-icons;mailpoet;the-events-calendar;wp-data-access-premium;wp-featherlight;wp-pagenavi;wp-show-posts,12,,,,,,nginx,high,2026-10-01
5186252,baeckerei-vatter.de,https://baeckerei-vatter.de/,Bäckerei VATTER – Wir backen für Deinen Augenblick,de,DE,Germany,,hello-elementor,,borlabs-cookie;elementor;elementor-pro;jet-engine;jet-tabs,5,,Elementor,Yoast SEO,,,nginx,high,2026-10-01
5203016,visionbythelake.com,https://www.visionbythelake.com/,Vision By The Lake – Rustic Lodging,en-us,,,7.0.6,genesis-sample,,foobox-image-lightbox,1,,,,,,Apache,high,2026-10-01
5209764,thedragonsdensd.com,https://thedragonsdensd.com/,thedragonsdensd WordPress,en-us,,,5.7.2,twentysixteen,,,0,,,,,,cloudflare,high,2026-10-01
5224968,quandosintoquejasei.com.br,https://quandosintoquejasei.com.br/,Já Sei - Fique atualizado e saiba de tudo!,pt-br,BR,Brazil,7.1.2,occasio,,related-post,1,,,,,Hostinger,hcdn,high,2026-10-01
5266792,irreductible.es,https://irreductible.es/,Irreductible.es – Adult Photography,es-es,ES,Spain,5.9.1,chronus,,,0,,,,,,cloudflare,high,2026-10-01
5279124,geltonaskarutis.lt,https://geltonaskarutis.lt/,Geltonas karutis: modernūs apželdinimo kursai,lt-lt,LT,Lithuania,7.1.2,restored316-divine,,advanced-product-labels-for-woocommerce;cookie-law-info;duracelltomi-google-tag-manager;elementor;mobile-menu-premium;official-mailerlite-sign-up-forms;pro-elements;to-top;woo-mailerlite;woocommerce;woocommerce-google-adwords-conversion-tracking-tag;woocommerce-menu-bar-cart,12,WooCommerce,Elementor,Yoast SEO,,Hostinger,hcdn,high,2026-10-01
5298348,comicom.it,https://www.comicom.it/,"Comicom, comunicazione a fumetti",it-it,IT,Italy,,lightly,,anobii-wordpress-widget;contact-form-7;wp-bannerize;wp-email,4,,,Yoast SEO,,,nginx,high,2026-10-01
5308155,baravara.eu,https://baravara.eu/,Bara Vara – Restaurang - Helsingborg,sv-se,EU,European Union,6.0.16,rosa,rosa-child,contact-form-7;gridable;pixlikes;wp-simple-firewall,4,,,Yoast SEO,,,nginx,high,2026-10-01
5313351,aliciabruxvoort.net,https://aliciabruxvoort.net/,Alicia Bruxvoort,en-us,,,,kadence,,easy-digital-downloads;fluentform;google-analytics-for-wordpress;kadence-blocks;kadence-pro;official-mailerlite-sign-up-forms;social-rocket;wp-gdpr-compliance;wp-rocket,9,Easy Digital Downloads,Elementor,Yoast SEO,,,nginx,high,2026-10-01
5321193,warmf.com,https://warmf.com/,WARMF Model Documentation – On-line help system for the Watershed Analysis Risk Management Framework model,en-us,,,7.0.6,twentyfifteen,,font;jetpack,2,,,,,,Apache,high,2026-10-01
5347311,shortlines.pl,https://shortlines.pl/,SKPL // SHORTLINES.PL // z pasji do kolei,pl-pl,PL,Poland,4.7.29,skpl,,,0,,,,,,IdeaWebServer,high,2026-10-01
5393280,jamescousins.com,https://jamescousins.com/,James Cousins - A (micro.)blog without a purpose.,en-gb,,,,,,,0,,,Yoast SEO,,,nginx,high,2026-10-01
5417265,daflavaradio.com,https://daflavaradio.com/,Da Flava Radio,en-us,,,7.1.2,hello-elementor,,elementor;elementor-pro;html5-audio-player,3,,Elementor,,,,nginx,high,2026-10-01
5422542,chevallot.com,https://www.chevallot.com/,Berthelot - Ecole de cuisine,en-us,,,7.1.2,mik,,,0,,,Yoast SEO,,,cloudflare,high,2026-10-01
5436569,appointmentsetting.com,https://appointmentsetting.com/,Streamline Your Scheduling Needs - Appointment Setting,en-us,,,7.1.2,astra,,elementor;essential-addons-for-elementor-lite;header-footer-elementor,3,,Elementor,Yoast SEO,,,cloudflare,high,2026-10-01
5478759,redleaf-solutions.com,https://www.redleaf-solutions.com/,Redleaf-solutions | Safety | HSE Equipment | Information Technology,en-us,,,7.1.2,vaximo,vaximo-child,contact-form-7;elementor;elementor-pro;elementskit-lite;formcraft3;vaximo-toolkit,6,,Elementor,,,,nginx,high,2026-10-01
5486805,passionetecno.com,https://passionetecno.com/,"Quality Outdoor Furniture for Every Space - Stylish, Durable, Functional",en-us,,,6.8.1,bloghash,,cookieadmin;custom-homepage-description,2,,,Rank Math,,,cloudflare,high,2026-10-01
5492735,ngrp.com,https://www.ngrp.com/,Nature Group - Leading in maritime waste solutions. By nature.,en-us,,,,bricks,bricks-child,complianz-gdpr;gravityforms;gravityformsrecaptcha;sitepress-multilingual-cms,4,,Bricks,,WPML,,Apache,high,2026-10-01
5528221,gokms.com,https://www.gokms.com/,A. Crosby Kennett Middle School,en-us,,,,,,,0,,Elementor,,,,,high,2026-10-01
5543989,djamelphotography.com,https://www.djamelphotography.com/,Wedding Photographer in Tampa I Engagement & Wedding photography,en-us,,,7.1.2,melbourne,,contact-form-7;enable-jquery-migrate-helper;flo-shortcodes;gs-logo-slider;js_composer;responsive-photo-gallery;wp-instagram-gallery;wp-latest-posts,8,,WPBakery,Yoast SEO,,,nginx,high,2026-10-01
5548213,cursedink.es,https://www.cursedink.es/,Cursed Ink – Cursed Ink,es,ES,Spain,7.1.2,dt-the7,,,0,,,,,,Apache,high,2026-10-01
5562297,beatslocker.com,https://beatslocker.com/,Music Beats|What is beat in music|Music Rhythm | Music Beats,en-us,,,6.9.9,divi,,s2member;side-cart-woocommerce;waveplayer;woocommerce;woocommerce-bulk-variations;wp-file-download;wp-file-download-cloud-addon,7,WooCommerce,Divi,Yoast SEO,,,LiteSpeed,high,2026-10-01
5587638,thesingingfish.eu,https://thesingingfish.eu/gr/,The Singing Fish | Μουσικοπαιδαγωγικές ιδέες,el,EU,European Union,5.9.18,imbalance2,,media-element-html5-video-and-audio-player;qtranslate-xt;videojs-html5-video-player-for-wordpress,3,,,,,,Apache,high,2026-10-01
5630106,manorfarmcharitabletrust.org,https://www.manorfarmcharitabletrust.org/,Manor Farm Charitable Trust | Lifelong sanctuary for livestock in need,en-gb,,,,manorfarm,,,0,,,,,,Apache,high,2026-10-01
5652631,greenhaven4help.com,https://greenhaven4help.com/,HOME - Green Haven 4 Help,en-us,,,7.1.2,customify,,elementor;elementor-pro;give;pdf-print;print-o-matic;print-page;translatepress-multilingual,7,,Elementor,Yoast SEO,TranslatePress,,nginx,high,2026-10-01
5669273,danasmith.com,https://danasmith.com/,Dana Smith – Confessions of a Climate Change Comedy Screenwriter,en-us,,,7.1.2,intergalactic-2,,gutenberg;jetpack,2,,,,,WordPress.com / VIP,nginx,high,2026-10-01
5696960,wohtheatre.org,https://wohtheatre.org/,Woh Theatre - Improve Your Experience,en-us,,,6.4.2,panoramic,,,0,,,,,,cloudflare,high,2026-10-01
5726423,rfp-europe.eu,https://www.rfp-europe.eu/,"Alles, was man über Online Casinos wissen muss",en-us,EU,European Union,,frontier,,captcha;contact-form-plugin;super-rss-reader,3,,,Yoast SEO,,,nginx,high,2026-10-01
5755851,lauriegrossstudios.com,https://lauriegrossstudios.com/,Laurie Gross Studios – Art and Design for the Worship Environment,en-us,,,7.0.6,yootheme,yootheme-child,widgetkit,1,,,,,,Apache,high,2026-10-01
5763098,jameswarfield.com,https://jameswarfield.com/,field.work,en-us,,,7.1.2,poe,,,0,,,,,,nginx,high,2026-10-01
5787505,dentistaenvalencia.es,https://dentistaenvalencia.es/,Inicio - Dentista en Valencia,es,ES,Spain,6.9.4,divi,divi-child,complianz-gdpr,1,,Divi,Rank Math,,,Apache,high,2026-10-01
5796420,carmomaq.com.br,https://carmomaq.com.br/,CARMOMAQ - Especialistas em Torradores de Café de Excelência,pt-br,BR,Brazil,,,,addon-elements-for-elementor-page-builder;revslider,2,,Elementor,Yoast SEO,,Hostinger,hcdn,high,2026-10-01
5829192,techsnostalgia.com,https://techsnostalgia.com/,TechsNostalgia - History of Classic Gadgets & Consoles,en-us,,,7.1.2,morenews,,google-site-kit,1,,,Rank Math,,,LiteSpeed,high,2026-10-01
5844826,printmystuff.sg,https://printmystuff.sg/,Print My Stuff SG - Custom Branding Prints Singapore,en-us,SG,Singapore,7.1.2,hello-elementor,,country-code-field-for-elementor-form;elementor;elementor-pro;google-analytics-for-wordpress,4,,Elementor,,,,LiteSpeed,high,2026-10-01
5845805,polskiepantofle.pl,https://polskiepantofle.pl/,polskiepantofle.pl,pl-pl,PL,Poland,7.0.2,digital-newspaper,,cookie-script-com,1,,,,,,LiteSpeed,high,2026-10-01
5861265,mamtermante.com,https://mamtermante.com/,Mam'termante,fr-fr,,,7.1.2,hello-elementor,,,0,,Elementor,,,o2switch,o2switch-PowerBoost-v3,high,2026-10-01
5863963,lisahimjensen.com,https://lisahimjensen.com/,Lisa Him-Jensen,en-gb,,,7.1.2,shapely,,,0,,,,,,nginx,high,2026-10-01
5866745,ladyhammiecrafts.blog,https://ladyhammiecrafts.blog/,Miss Hammie's Crafts – Simple crafts that are simply fun,en,,,,WordPress.com theme,,custom-fonts;gutenberg-core,2,,,,,WordPress.com / VIP,nginx,high,2026-10-01
5880083,grapplersinc.com,https://www.grapplersinc.com/,Grapplers Inc. | The Best Trash Pickup & Reaching Tool in the USA,en-us,,,,avada,,fusion-builder;mailchimp-for-woocommerce;woocommerce;wp-nmi-gateway-pci-woocommerce,4,WooCommerce,Avada,Yoast SEO,,WP Engine,cloudflare,high,2026-10-01
5939918,samuliblatter.ch,https://www.samuliblatter.ch/,Samuli Blatter,,CH,Switzerland,7.1.2,blatter2019,,yikes-inc-easy-mailchimp-extender,1,,,,,,nginx,high,2026-10-01
5967766,leffondras.fr,https://leffondras.fr/,"Val-Roc-les-Bains : Jeux, Bien-être et Culture au Cœur des Montagnes",fr-fr,FR,France,7.1.2,brightly,,,0,,,Yoast SEO,,,cloudflare,high,2026-10-01
5995147,dudat.it,http://www.dudat.it/it/,"duDAT Srl – Editoria multimediale e cartacea, software e siti web a Bologna",it-it,IT,Italy,5.1.8,avada,,contact-form-7;fusion-builder;fusion-core,3,,Avada,,,,Apache,high,2026-10-01
5999123,dantza.com,https://www.dantza.com/,Dantza | Conservas vegetales de calidad desde origen,es-es,,,6.9.9,avada,,complianz-gdpr;fusion-builder;google-site-kit;translatepress-multilingual;woocommerce;woocommerce-google-analytics-integration;wp-consent-api,7,WooCommerce,Avada,Rank Math,TranslatePress,,nginx,high,2026-10-01
6095763,fundaciontomasmoro.es,https://fundaciontomasmoro.es/,Inicio - Fundación Tomás Moro,es,ES,Spain,,astra,,,0,,,Yoast SEO,,Hostinger,hcdn,high,2026-10-01
6101723,elxupetnegre.com,https://elxupetnegre.com/,El Xupet negre ⋆ El Xupet Negre,es,,,6.8.10,divi,,adapta-rgpd;divi-booster;instagram-feed;megamenu;megamenu-pro;wp-email-capture;youtube-embed-plus,7,,Divi,Yoast SEO,,Hostinger,hcdn,high,2026-10-01
6126864,alkeemialabor.ee,https://alkeemialabor.ee/,"Alkeemialabor – Seenekasvatus, spagüüriline meditsiin, digitaalne restaureerimine, Wifi-seire ja fotograafia",en-us,EE,Estonia,6.6.4,tempera,,easy-fancybox,1,,,,,,Apache ,high,2026-10-01
6132618,writingwithwolves.co.uk,https://writingwithwolves.co.uk/,Writing with Wolves,en,GB,United Kingdom,,WordPress.com theme,,custom-fonts;gutenberg-core,2,,,,,WordPress.com / VIP,nginx,high,2026-10-01
6159384,producersiknow.com,https://producersiknow.com/,FWMJ's Producers I Know – I Know Producers I Know Beats,en,,,,WordPress.com theme,,gutenberg-core,1,,,,,WordPress.com / VIP,nginx,high,2026-10-01
6167463,nomad-team.ro,https://nomad-team.ro/,Home - Nomad Merida CST,ro-ro,RO,Romania,,dt-the7,,complianz-gdpr;contact-form-7;dt-the7-core;flow-flow;js_composer;layerslider;revslider;ultimate_vc_addons,8,,WPBakery,Yoast SEO,,,Apache,high,2026-10-01
6183854,kingbag.com,https://kingbag.com/,King Bag Manufacturing,en-us,,,7.1.2,avada,,fusion-builder;fusion-core;smart-slider-3;wpforms,4,,Avada,Yoast SEO,,Kinsta,cloudflare,high,2026-10-01
6225856,biokipos.gr,https://biokipos.gr/,ΒΙΟΛΟΓΙΚΟΙ ΣΠΟΡΟΙ ΚΗΠΟΥΡΙΚΗΣ,el,GR,Greece,7.1.2,astra,,contact-form-7;cyclone-slider-2;jetpack;super-rss-reader,4,,,,,,nginx,high,2026-10-01
6286731,memphisfilmtv.com,https://memphisfilmtv.com/,Memphis Film & Television | Award winning Film & New Media Production Company,,,,,unspoken,,add-to-any;cookie-law-info;drop-in-image-slideshow-gallery;mailchimp;qtranslate;random-image;social-media-widget;wordpress-simple-paypal-shopping-cart;wp-pagenavi,9,,,,,,cloudflare,high,2026-10-01
6310471,gotlandslamm.se,https://gotlandslamm.se/,Rommunds Fårgård – Fårskinn och lammskinn från Gotland,sv-se,SE,Sweden,7.0.2,flatsome,,quotes-collection;woocommerce;woocommerce-gateway-swish-ecommerce,3,WooCommerce,,,,,BitNinja-WafPro,high,2026-10-01
6314478,frederikfleck.com,https://frederikfleck.com/,Frederik Fleck Home Maintenance & Improvements Blog,en-us,,,7.1.2,amadeus,,litespeed-cache,1,,,,,,cloudflare,high,2026-10-01
6314659,francesej.com,https://francesej.com/,FRANCES E.J.,en-us,,,7.1.2,bricks,,mousewheel-smooth-scroll,1,,Bricks,,,,openresty,high,2026-10-01
6324773,djordjestijepovic.com,https://djordjestijepovic.com/,Djordje Stijepovic -Djordje Stijepovic,en-us,,,,djordjestijepovic,,cleaner-gallery;youtube-embed-plus,2,,,Yoast SEO,,,Apache,high,2026-10-01
6351359,artcuestion.com,https://www.artcuestion.com/,ARTCUESTION – Galería de arte – MADRID & OURENSE,es,,,7.1.2,twentyseventeen,,asesor-cookies-para-la-ley-en-espana;social-media-buttons-toolbar,2,,,,,,Apache,high,2026-10-01
6362336,zirafa-centrum.cz,https://zirafa-centrum.cz/,ŽIRAFA – CENTRUM - Jazykové kurzy Olomouc,cs,CZ,Czech Republic,,,,complianz-gdpr;popups-for-divi,2,,Divi,,,,Apache,high,2026-10-01
6372449,textcurious.ca,https://textcurious.ca/,nina jane drystek – text and texture,en,CA,Canada,,WordPress.com theme,,coblocks;custom-fonts;gutenberg-core,3,,,,,WordPress.com / VIP,nginx,high,2026-10-01
6405948,montpelierandcliftonhill.org,https://www.montpelierandcliftonhill.org/,The Montpelier and Clifton Hill Association | Preserving our traditions,en-gb,,,5.7.19,weaver-ii,,contact-form-7;flowpaper-lite-pdf-flipbook;meteor-slides,3,,,,,,nginx,high,2026-10-01
6424072,keratoconusgb.com,https://keratoconusgb.com/,"KCGB TOP POSTS – For people living with keratoconus, from people that really understand what living with KC is like",en,,,,WordPress.com theme,,coblocks;gutenberg-core,2,,,,,WordPress.com / VIP,nginx,high,2026-10-01
6444287,gracecare.com,https://gracecare.com/,"Private Duty Home Care & Senior Care Services in Enid, OK | Grace Care OK",en-us,,,7.1.2,astra,grace-care-enid-child,accessibility-onetap;elementor;elementor-pro;simple-google-recaptcha;ultimate-elementor;wpforms-lite;youtube-embed-plus,7,,Elementor,Yoast SEO,,,cloudflare,high,2026-10-01
6450597,fortedellannunziata.it,https://fortedellannunziata.it/,fortedellannunziata roulette - Il nostro obiettivo è creare una risorsa affidabile per tutti coloro che desiderano approfondire la propria conoscenza del settore.,it-it,IT,Italy,7.1.2,leeway,,contact-form-7;easy-custom-auto-excerpt,2,,,,,,cloudflare,high,2026-10-01
6458881,elibragerphotography.com,https://elibragerphotography.com/,"Eli Brager Photography - About Photography, Travelling and joy of life!",en-us,,,,,,jetpack;mailpoet;tutor,3,,,Yoast SEO,,WordPress.com / VIP,nginx,high,2026-10-01
6507848,utahfootball.net,https://utahfootball.net/,Utah Utes Live Stream College Football Game Watch Online,en-us,,,7.1.2,neve,,elementor,1,,Elementor,Yoast SEO,,,LiteSpeed,high,2026-10-01
6571613,moratorium2012.org,https://www.moratorium2012.org/,Moratorium2012,en-us,,,6.7.2,,,,0,,,Yoast SEO,,,cloudflare,high,2026-10-01
6602088,francescobrandoli.eu,https://www.francescobrandoli.eu/,FRANCESCO BRANDOLI Scrittore – Autore di Fantasy – SF – Horror & Weird,it-it,EU,European Union,6.5.3,fiona-blog,,clever-fox;cookie-law-info;hupso-share-buttons-for-twitter-facebook-google;like-box;page-visit-counter,5,,,,,,Microsoft-IIS,high,2026-10-01
6667688,papalienation.com,https://papalienation.com/,"Papalienation | U have 2 Luv your kids more than u ""HATE"" your EX!!!",en-us,,,6.9.7,twentyten,,sweetcaptcha-revolutionary-free-captcha-service;xhanch-my-twitter,2,,,,,,cloudflare,high,2026-10-01
6719560,hoiquantinhoc.com,https://hoiquantinhoc.com/,Hội Quán Tin Học - Blog cá nhân về công nghệ,en-us,,,7.1.2,hoi-quan-mag,,hqth-market-widgets;hqth-newsletter,2,,,Rank Math,,,cloudflare,high,2026-10-01
6725852,grandtacticalrules.com,https://grandtacticalrules.com/,Grand Tactical Rules,en-us,,,7.1.2,vantage,,elementor;w3-total-cache,2,,Elementor,,,,Apache,high,2026-10-01
6750344,diplomatinvestissement.com,https://diplomatinvestissement.com/,Home - Diplomat Investissement,fr-fr,,,,newspaper,,contact-form-7;td-cloud-library;td-composer;td-subscription,4,,,Yoast SEO,,,Apache,high,2026-10-01
6796170,xn--3-8sbohot4b1a.xn--p1ai,https://xn--3-8sbohot4b1a.xn--p1ai/,Металлоконструкция,ru-ru,,,7.1.2,structify,,,0,,,,,,nginx-reuseport,high,2026-10-01
6819769,themeetingplacecusco.com,http://www.themeetingplacecusco.com/,,en-us,,,4.4.34,yashfa,,,0,,,,,,Apache,high,2026-10-01
6849859,sakoyles.gr,https://sakoyles.gr/,ΒΙ.Π.Σ. Σακούλες πλαστικές και χάρτινες τσάντες στην καλύτερη τιμή,el,GR,Greece,7.1.2,flatsome,,consent-magic-pro;pixelyoursite-pro;woocommerce;woocommerce-extra-charges-to-payment-gateways;woocommerce-sendinblue-newsletter-subscription,5,WooCommerce,,Yoast SEO,,,HTTP Server,high,2026-10-01
6863752,proyectopumpum.com,https://proyectopumpum.com/,รวม 10 เว็บบาคาร่า สายฟ้า ที่ดีที่สุดในไทย 2025,th,,,,hello-elementor,,elementor;elementor-pro,2,,Elementor,Rank Math,,,cloudflare,high,2026-10-01
6877372,operasantalessandro.it,https://www.operasantalessandro.it/,Scuole Fondazione Opera Sant'Alessandro - Qualità Educativa,it-it,IT,Italy,6.6.2,avada,,ewww-image-optimizer;fusion-core;nextend-smart-slider3-pro,3,,Avada,Yoast SEO,,,,high,2026-10-01
6923066,expressgrc.com,https://expressgrc.com/,Home - ExpressGRC | SAP Cyber Security Software for SAP Compliance,en-us,,,7.1.2,acabado,,auto-terms-of-service-and-privacy-policy;contact-form-7;cookie-notice;elementor;facebook-conversion-pixel;lazy-load-for-videos;thrive-visual-editor,7,,Elementor,Rank Math,,Hostinger,hcdn,high,2026-10-01
7000305,scavariello.com.br,https://www.scavariello.com.br/,Site do Gabriel,pt-br,BR,Brazil,6.5.12,salient,,contact-form-7;easy-image-gallery;js_composer_salient;salient-core;salient-portfolio;salient-social,6,,,,,,nginx,high,2026-10-01
7027723,nedrud.net,https://nedrud.net/,Profesjonell slektsforskning - nedrud.net,en-us,,,6.5.12,checathlon,,contact-form-7;gtranslate,2,,,Yoast SEO,GTranslate,,Apache,high,2026-10-01
7060527,ikyam.com,https://ikyam.com/,SAP Services And Solutions | SAP Gold Partner | Ikyam,en-us,,,6.9.9,astra,,elementor;elementor-pro;elementskit-lite;essential-addons-for-elementor-lite;header-footer-elementor;hostinger-reach;metform;modal-window;newsletter;royal-elementor-addons,10,,Elementor,Rank Math,,Hostinger,hcdn,high,2026-10-01
7224589,ibmpativos.com.br,https://www.ibmpativos.com.br/,IBMPATIVOS,en-us,BR,Brazil,,dt-the7,,dt-the7-core;js_composer;revslider;ultimate_vc_addons,4,,WPBakery,,,,,high,2026-10-01
7292770,athomewithmyblt.com,https://athomewithmyblt.com/,Home - At Home with my BLT,en-nz,,,,responsive,,siteorigin-panels,1,,SiteOrigin,Yoast SEO,,,Apache,high,2026-10-01
7376113,maximilianuriarte.com,https://maximilianuriarte.com/,Maximilian Uriarte – CREATOR ・ ARTIST ・ AUTHOR ・ FILMMAKER ・ ANIMATOR,en-us,,,7.0.5,perfect-portfolio,,advanced-wp-columns;contact-form-7;raratheme-companion;widget-options,4,,,,,WP Engine,cloudflare,high,2026-10-01
7458919,dfstfamilyreunion.com,https://dfstfamilyreunion.com/,DFST Family Reunion,en-us,,,7.0.6,st-notary,,astra-sites;elementor;hostinger-reach;st-elementor-addons;superb-blocks,5,,Elementor,,,Hostinger,hcdn,high,2026-10-01
7798356,noithat.org,https://noithat.org/,Trang chủ - Nội Thất,vi,,,7.0.3,flatsome,,woocommerce,1,WooCommerce,,Rank Math,,,cloudflare,high,2026-10-01
7814146,merrittprecision.com,https://merrittprecision.com/,Merritt Precision | Making Dreams Come True Since 2004,en-us,,,7.1.2,divi,,,0,,Divi,,,,nginx,high,2026-10-01
7825171,kgdrco.com,https://kgdrco.com/,KGDR Consultants | Project Management Services,en-us,,,7.1.2,yootheme,,mousewheel-smooth-scroll,1,,,Yoast SEO,,,LiteSpeed,high,2026-10-01
7836540,hedwichrooks.com,https://hedwichrooks.com/,Hedwich Rooks,,,,,jj,,,0,,,,,,Apache,high,2026-10-01
7992582,pro4.dk,https://pro4.dk/,Pro4 – Endnu en WordPress-blog,,DK,Denmark,7.1.2,pro4,,contact-form-7;elementor;nextgen-gallery;ws-cf7,4,,Elementor,,,,Apache,high,2026-10-01
8007660,msiberia.org,https://msiberia.org/,MSI – Sistemas de Inteligencia de Mercado,es,,,,gutenify-business,,youtube-embed-plus,1,,,,,WordPress.com / VIP,nginx,high,2026-10-01
8037989,elessar.com.br,https://elessar.com.br/,Home - Elessar Languages,pt,BR,Brazil,7.0.6,,,,0,,,,,,Apache,high,2026-10-01
8044742,cosmosyachtcharters.com,https://cosmosyachtcharters.com/,Home,en-us,,,7.1.2,generatepress,,contact-form-7;gp-premium,2,,,Yoast SEO,,,Apache,high,2026-10-01
8095220,storicieventi.it,https://www.storicieventi.it/,Storici eventi - Organizzazione rievocazioni storiche,it-it,IT,Italy,4.6.29,onetone,,gdpr-cookie-compliance;magee-shortcodes;wp-power-stats,3,,,Yoast SEO,,Aruba,aruba-proxy,high,2026-10-01
8135173,niklastorm.com,https://niklastorm.com/,Fine Art Photographer and Nature Photographer - Niklas Storm Photography,en-us,,,7.0.6,divi,,complianz-gdpr-premium;divi-blog-extras;divi-elastic-gallery;download-monitor;product-variations-swatches-for-woocommerce;sitepress-multilingual-cms;woocommerce;woocommerce-multilingual,8,WooCommerce,Divi,,WPML,,Apache,high,2026-10-01
8307113,wickedwarnings.com,https://www.wickedwarnings.com/,"Custom LED Strobe Lights for Trucks, Cars & SUVs | Wicked Warnings",en-us,,,7.0.6,astra,astra-child,bloom;checkout-upsell-woocommerce;cleantalk-spam-protect;elementor;elementor-pro;instagram-feed-pro;miniorange-login-openid;premmerce-woocommerce-product-filter;refer-a-friend-for-woocommerce-by-wpgens;simple-banner;widget-google-reviews;woo-product-barcode-label-printing-premium;woo-product-bundle-premium;woocommerce;woocommerce-gateway-stripe;woocommerce-tax-exempt-plugin;wp-google-places-review-slider;wpc-composite-products;wpc-grouped-product,19,WooCommerce,Elementor,Yoast SEO,,,cloudflare,high,2026-10-01
8342506,seven-wonders.org,https://seven-wonders.org/,The Seven Wonders | De Mirabilibus Pecci,en,,,,WordPress.com theme,,gutenberg-core,1,,,,,WordPress.com / VIP,nginx,high,2026-10-01
8409892,joker168.org,https://joker168.org/,Joker168,id,,,,,,elementor,1,,Elementor,,,,cloudflare,high,2026-10-01
8478581,anglastugan.nl,https://www.anglastugan.nl/,Änglastugan,en-us,NL,Netherlands,6.9.9,twentysixteen,,osm,1,,,,,,Apache,high,2026-10-01
8508157,thomas-muir.com,http://www.thomas-muir.com/,,en,,,2.5,,,,0,,,,,,BitNinja Captcha Server,medium,2026-10-01
8516078,taiyishop.com.tw,https://taiyishop.com.tw/,Hitclub - Thiên Đường Cá Cược Trực Tuyến Uy Tín 2026,en-us,TW,Taiwan,7.1.2,flatsome,,hpp-suite-seo2;translatepress-multilingual,2,,,Rank Math,TranslatePress,,cloudflare,high,2026-10-01
8532351,screened-project.eu,https://www.screened-project.eu/,The H2020 SCREENED project,en-us,EU,European Union,,divi,,cryptx;dg-divi-carousel;divi-icons-pro;divi-toolbox;dwd-map-extended;social-media-buttons-toolbar;tablepress,7,,Divi,,,,Apache,high,2026-10-01
8567425,multimodx.eu,https://multimodx.eu/,MultiModX - Integrated Passenger-Centric Planning of Multimodal Transport Networks,en-gb,EU,European Union,,divi,,,0,,Divi,Yoast SEO,,,Apache,high,2026-10-01
8582551,lifeforhab.eu,https://www.lifeforhab.eu/,LIFE16/NAT/BG/000817 – Проект „Възстановяване и подобряване на природозащитния статус на приоритетни горски хабитати от мрежата Натура 2000 в България”,bg-bg,EU,European Union,6.9.9,ducat,,contact-form-7;js_composer;recent-posts-widget-with-thumbnails;revslider;theme_ducat_core;ultimate_vc_addons,6,,WPBakery,,,,Apache,high,2026-10-01
8618554,finderc.org,https://finderc.org/,Molecular identification of new human remains from Pleistocene Eurasia,en-us,,,7.1.2,twentyseventeen,,float-to-top-button;wp-featherlight,2,,,,,,Apache,high,2026-10-01
8643969,circular-structural-design.eu,https://circular-structural-design.eu/de/,Circular Structural Design,de-de,EU,European Union,,circular-structural-design-2024,,translatepress-multilingual,1,,,,TranslatePress,,Apache,high,2026-10-01
8687974,veriblock.org,https://veriblock.org/,VeriBlock - Securing the World's Blockchains Using Bitcoin - VeriBlock,en-us,,,5.7.7,astra,astra-child,addon-elements-for-elementor-page-builder;elementor;elementor-pro;elementskit;elementskit-lite;header-footer-elementor;koko-analytics,7,,Elementor,Yoast SEO,,,nginx,high,2026-10-01
8719183,seanfanello.it,https://www.seanfanello.it/,Sean Ryan Fanello,en-us,IT,Italy,6.4.12,twentyten,,captcha;contact-form-plugin;google-analytics-dashboard-for-wp;really-simple-facebook-twitter-share-buttons,4,,,,,Aruba,aruba-proxy,high,2026-10-01
8759172,maymeasure.com,https://maymeasure.com/,Mayme&Asure - School of First Aid,en-us,,,7.1.2,jetblack,,contact-form-7;slide-anything,2,,,Yoast SEO,,,cloudflare,high,2026-10-01
8786126,hyc.ro,https://hyc.ro/,HIT Yourself – Agentie digitala,en-us,RO,Romania,6.8.10,zeever,,js_composer,1,,WPBakery,,,,nginx,high,2026-10-01
8814315,dlictt.com,https://dlictt.com/,Distinguished Leadership and Innovation Conference,en-us,,,,oceanwp,,elementor;elementor-pro;jet-blocks;jet-elements;jet-engine,5,,Elementor,,,,Apache,high,2026-10-01
8814613,diversily.com,https://www.diversily.com/,Diversily Home - Diversily,en-us,,,,astra,,elementor;elementor-pro;header-footer-elementor;pojo-accessibility;smartarget-contact-us,5,,Elementor,Yoast SEO,,,nginx,high,2026-10-01
8861896,wohnungleben.de,https://wohnungleben.de/,Wohnung Leben,de-de,DE,Germany,,theme,,,0,,,,,,Simply.com,high,2026-10-01
8868045,villavej.dk,https://villavej.dk/,Villavej.dk,da-dk,DK,Denmark,,theme,,,0,,,,,,Simply.com,high,2026-10-01
8877887,thirdrailnews.com,https://thirdrailnews.com/,Third Rail News | Putting the 'current' back in current events,en,,,,WordPress.com theme,,gutenberg-core,1,,,,,WordPress.com / VIP,nginx,high,2026-10-01
8880065,thejoseon.com,https://thejoseon.com/,The Joseon,en-us,,,7.1.2,hello-elementor,,elementor;elementor-pro,2,,Elementor,,,,nginx,high,2026-10-01
8960428,jeresmaterialer.dk,https://jeresmaterialer.dk/,JeresMaterialer,da-dk,DK,Denmark,,theme,,,0,,,,,,Simply.com,high,2026-10-01
8998015,dhcermeno.com,https://dhcermeno.com/,D.H. CERMENO,en-us,,,7.1.2,uncode,uncode-child,layerslider;litespeed-cache;revslider,3,,,,,,LiteSpeed,high,2026-10-01
9008752,cjii.org,https://cjii.org/,Criminal Justice Investment InitiativeHome - Criminal Justice Investment Initiative,,,,,kodax,,contact-form-7;google-analytics-for-wordpress;kodax-shortcodes-plugin;kodax-widgets-plugin;mailchimp-for-wp,5,,,Yoast SEO,,,nginx,high,2026-10-01
9075744,sougiataxi-meletis.gr,https://sougiataxi-meletis.gr/,24/7 Reliable Sougia Taxi & Private Transfers | Chania & Samaria Gorge,en-gb,GR,Greece,7.0.6,taxipark,,complianz-gdpr;contact-form-7;js_composer;lt-core;wpforms,5,,WPBakery,Rank Math,,,HTTP Server,high,2026-10-01
9083115,sciences101.ca,https://sciences101.ca/,Accueil - Sciences 101,fr-fr,CA,Canada,7.1.2,codate,codate-child,3d-flipbook-dflip-lite;block-options;codate-addons;elementor;elementor-pro;embedpress;essential-addons-for-elementor-lite;subscribe-to-comments-reloaded;top-10,9,,Elementor,Yoast SEO,,,nginx,high,2026-10-01
9104405,oroville-wa.com,https://oroville-wa.com/,SITE,en-us,,,7.1.2,hello-elementor,,elementor;elementor-pro;elementskit-lite;themesflat-addons-for-elementor,4,,Elementor,,,,nginx,high,2026-10-01
9160475,funxtion.be,https://funxtion.be/,Sportpraktijk Lille | Resultaatgericht sporten bij Funxtion,nl-be,BE,Belgium,,divi,,,0,,Divi,,,,nginx,high,2026-10-01
9188021,christiantrainingonline.org,https://www.christiantrainingonline.org/,Christian Training Online – by Christian Training Organization,en-us,,,,onepress,onepress-child,3d-flipbook-dflip-lite;burst-statistics;contact-form-7;custom-menu;gtranslate;hash-link-scroll-offset,6,,,,GTranslate,,LiteSpeed,high,2026-10-01
9196973,bornkamposteopathie.nl,https://bornkamposteopathie.nl/,Uw praktijk voor Osteopathie in Voorburg en Alphen a/d Rijn,nl-nl,NL,Netherlands,7.1.2,generatepress,,divi-builder;gp-premium,2,,Divi,,,,cloudflare,high,2026-10-01
9231561,uturnparkinsons.org,https://uturnparkinsons.org/,Empowering People with Parkinson’s | U-Turn Parkinson’s,en,,,7.1.2,divi,,embedpress;google-analytics-for-wordpress,2,,Divi,,,,cloudflare,high,2026-10-01
9232284,upperthomsonroadcondo.com,https://upperthomsonroadcondo.com/,Home - Upper Thomson Road Condo™ (Updated - 2024),en-us,,,,wrapkit,,easy-tables-vc;js_composer;revslider;simple-lightbox;ultimate_vc_addons;wp-content-copy-protector;wp-rocket;wpfront-notification-bar,8,,WPBakery,Yoast SEO,,,nginx,high,2026-10-01
9237384,tokewin88.co,https://tokewin88.co/,TOKEWIN88 : Link Login Game Online Populer Dengan Akses Mudah,id,,,6.6.2,,,elementor,1,,Elementor,Yoast SEO,,,cloudflare,high,2026-10-01
9239184,thetrainingbank.com,https://thetrainingbank.com/,Customer Service Skills Certification Training | The Training Bank,en-us,,,,divi,,contact-form-7;divi-modules-simple-heading;mals-cart-wp-plugin;site-reviews;ttb-testimonial-carousel;w3-total-cache,6,,Divi,Yoast SEO,,,Apache,high,2026-10-01
9241031,thefocus-on.com,https://thefocus-on.com/,The Focus,ja,,,,thefocus,,,0,,,,,,nginx,high,2026-10-01
9272920,playgleegames.com,https://playgleegames.com/,Playglee Games,en-us,,,,bloggist,,litespeed-cache;perfmatters,2,,,,,,cloudflare,high,2026-10-01
9306045,latenightstreaming.com,https://latenightstreaming.com/,Home - LateNightStreaming,en-us,,,7.1.2,kadence,,kadence-blocks,1,,,Yoast SEO,,,cloudflare,high,2026-10-01
9326944,herzogwine.com,https://herzogwine.com/,Welcome to Herzog Wine Cellars | Herzog Wine Cellars,en-us,,,,astra,,astra-addon;elementor;jet-tabs,3,,Elementor,Yoast SEO,,WP Engine,nginx,high,2026-10-01
9340920,fiveflames4learning.com,https://fiveflames4learning.com/,"Five Flames 4 Learning | Ignite your ideas about teaching, learning and technology in conversations together at the fireside.",en,,,,WordPress.com theme,,custom-fonts;gutenberg-core,2,,,,,WordPress.com / VIP,nginx,high,2026-10-01
9352189,downtowncateringcompany.com,https://downtowncateringcompany.com/,Downtown Catering Company,,,,,,,,0,,,,,WP Engine,cloudflare,high,2026-10-01
9379001,bbbskc.org,https://www.bbbskc.org/,Big Brothers Big Sisters Kansas City,en-us,,,,bbbskc,,cookie-law-info;divi-booster;dizo-image-hover;notibar;wp-popups-lite,5,,Divi,Yoast SEO,,WP Engine,cloudflare,high,2026-10-01
9389541,airafrique.ch,https://www.airafrique.ch/,AIR AFRIQUE RECORDS – It's A Worldwide Thing,de,CH,Switzerland,6.7.9,darkelements,,saferpay_woocommerce_gateway;woocommerce;woocommerce-payments,3,WooCommerce,,,,,nginx,high,2026-10-01
9392309,absolu-wood.com,https://absolu-wood.com/,"Absolu Wood, PLV Bois - Caisserie & Packaging bois - Goodies Bois",fr-fr,,,7.0.6,,,bb-plugin;essential-grid;shiftnav-responsive-mobile-menu;sitepress-multilingual-cms;ubermenu,5,,Beaver Builder,Yoast SEO,WPML,,cloudflare,high,2026-10-01
9403547,wctr.com,https://wctr.com/,WCTR - wctr.com,en-us,,,6.7.9,proradio,,advanced-backgrounds;audioigniter;contact-form-7;elementor;elementor-pro;feedzy-rss-feeds;fluentform;google-analytics-for-wordpress;icons2go;meta-slider-and-carousel-with-lightbox;my-calendar;pdf-poster;proradio-dedications;proradio-elementor;proradio-reaktions;proradio-sidekick;proradio-swipebox;proradio-videogalleries;qt-places;qtmplayer;weather-atlas;wp-meta-and-date-remover,22,,Elementor,,,Hostinger,hcdn,high,2026-10-01
9419506,technowake.com,https://www.technowake.com/,"Les 3 C du Marketing: Comprendre, Créer, Conquérir | TechNowake",fr,,,,,,,0,,,,,,nginx,medium,2026-10-01
9466605,myeasybnb.com.au,https://www.myeasybnb.com.au/,Hometime South Australia,en-us,AU,Australia,6.9.9,tenweb-website-builder-theme,,elementor;google-site-kit;hostaway;instagram-feed;photo-gallery;tenweb-builder;zionbuilder,7,,Elementor,,,,cloudflare,high,2026-10-01
9486196,landmarkwisdomcourses.com,https://www.landmarkwisdomcourses.com/,"Landmark Wisdom Courses for Landmark Forum graduates, Landmark grad program",en-us,,,5.7.18,landmarkwisdom,,gravity-forms-auto-placeholders;simple-share-buttons-adder;wp-scroll-depth,3,,,,,WP Engine,nginx,high,2026-10-01
9519453,fitapiemonte.it,https://www.fitapiemonte.it/,FITA Piemonte -,it-it,IT,Italy,7.1.2,astra,,events-manager;tablepress,2,,,Yoast SEO,,Aruba,aruba-proxy,high,2026-10-01
9524866,envisionlightingsystems.com,https://www.envisionlightingsystems.com/,Envision Lighting Systems,en-us,,,7.0.6,tgconstructor,,page-links-to;revslider,2,,,,,,nginx,high,2026-10-01
9535449,dansbrabant.nl,https://www.dansbrabant.nl/,Homepage - Dans Brabant,en,NL,Netherlands,,dansbrabant,,,0,,,Yoast SEO,,,nginx,high,2026-10-01
9555597,bigbass.games,https://bigbass.games/,Big Bass Slot Games ✴️ Play Free or Win Real Cash Today,en,,,7.1.2,mercury,mercury-child,aces;play-free,2,,,Yoast SEO,,,cloudflare,high,2026-10-01
9558089,bbtpa.com,https://bbtpa.com/,"Home - Burning Bridge Tavern | Wrightsville, PA",en-us,,,7.1.2,hello-elementor,,cleantalk-spam-protect;elementor;elementor-pro;essential-addons-for-elementor-lite;premium-addons-for-elementor,5,,Elementor,Rank Math,,Kinsta,cloudflare,high,2026-10-01
9562898,asmrgarden.com,https://asmrgarden.com/,"Best ASMR Videos Online | ASMR Sleep Videos, NSFW, Relaxing ASMR",en-us,,,7.1.2,videopro,,contact-form-7;js_composer;top-10,3,,Elementor,Yoast SEO,,,cloudflare,high,2026-10-01
9567529,andrejtomse.com,https://www.andrejtomse.com/,Andrej Tomse,en-us,,,5.9.18,asteria,,column-shortcodes;elementor;header-footer-elementor;jquery-collapse-o-matic;siteorigin-panels;wp-video-lightbox,6,,Elementor,,,,LiteSpeed,high,2026-10-01
9573775,advsravenna.it,https://www.advsravenna.it/,ADVS Ravenna Donazione sangue e plasmaferesi a Ravenna,it-it,IT,Italy,,enfold,,burst-statistics;complianz-gdpr;cookie-notice,3,,,Yoast SEO,,,nginx,high,2026-10-01
9575689,acbielefeld.de,https://acbielefeld.de/,Home - Automobil-Club Bielefeld e.V.,de,DE,Germany,7.1.2,generatepress,,all-in-one-seo-pack;complianz-gdpr;elementor;elementor-pro,4,,Elementor,All in One SEO,,,Apache,high,2026-10-01
9587412,wchs-pa.org,https://wchs-pa.org/,"Waynesboro Community & Human Services – WCHS offers vital support to low-income residents in Waynesboro and Greencastle, including a food pantry, clothing bank, diaper bank, emergency assistance, and",en-us,,,7.1.2,hello-elementor,,elementor;elementor-pro;pojo-accessibility,3,,Elementor,,,,cloudflare,high,2026-10-01
9591870,vanhaber.com.tr,https://vanhaber.com.tr/,"Van Haber, Van Haberleri, Son Dakika Van Haberleri",tr,TR,Turkey,,kanews,,,0,,,Rank Math,,,cloudflare,high,2026-10-01
9675341,kingsvalleycharter2.org,https://kingsvalleycharter2.org/,Home - Kings Valley II,en-us,,,,l4l-refresh,,megamenu,1,,,Yoast SEO,,,cloudflare,high,2026-10-01
9684183,integralpixel.com,https://integralpixel.com/,Integral Pixel | Soluciones Tecnológicas para Empresas,es,,,7.1.2,divi,,burst-statistics;carousels-slider-for-divi;popups-for-divi,3,,Divi,Rank Math,,,Apache,high,2026-10-01
9725882,coronetled.com,https://coronetled.com/,Architectural lighting,en-us,,,7.0.4,coronet-2017,,cnj_gallery;megamenu;ml-slider;search-filter;svg-support;woocommerce;wp-attachments;wp-rocket,8,WooCommerce,,,,,cloudflare,high,2026-10-01
9727299,compostingcollaborative.org,https://www.compostingcollaborative.org/,The Composting Collaborative,en-us,,,,composting-collaborative,,google-analyticator;svg-support,2,,,Yoast SEO,,WP Engine,nginx,high,2026-10-01
9746746,bigskyballoons.com,https://www.bigskyballoons.com/,Big Sky Balloons | Advertising Inflatables for Rent | Chicago area,en-us,,,7.1.2,neve,neve-child,neve-pro-addon;ninja-forms,2,,,Yoast SEO,,,Apache,high,2026-10-01
9753862,axonlawyers.com,https://axonlawyers.com/,Axon Lawyers,en-us,,,7.0.2,,,,0,,,,,,nginx,high,2026-10-01
9833061,scadconnector.com,https://scadconnector.com/,The Connector – SCAD Atlanta's online entertainment and news source,en-us,,,7.1.2,look,,contact-form-7;google-analytics-dashboard-for-wp;look-ruby-core;photo-gallery;team-members;ultimate-social-media-icons;wordpress-popular-posts,7,,,,,,Apache,high,2026-10-02
9850675,picanet.org.uk,https://www.picanet.org.uk/,PICANet – Paediatric Intensive Care Audit Network for the UK and Ireland,en-gb,GB,United Kingdom,,generatepress,,google-analytics-for-wordpress;gp-premium;jquery-collapse-o-matic;lightweight-grid-columns;simple-tags,5,,,,,WP Engine,cloudflare,high,2026-10-02
9850900,photogrammer.com.ua,https://photogrammer.com.ua/,Photogrammer — проект для любителей фотосъёмки и ценителей фото искусства. Сообщество профессиональных фотографов и любителей фото.,ru-ru,UA,Ukraine,6.3.12,camer,,,0,,,,,,nginx,high,2026-10-02
9882086,lutzlaw.com,https://www.lutzlaw.com/,Tacoma Family Lawyer | Guidance From Family Law Attorneys,en-us,,,7.1.2,lutz-associates,,akismet;cleantalk-spam-protect;contact-form-7,3,,,,,WP Engine,cloudflare,high,2026-10-02
9900980,jcsattorney.com,https://jcsattorney.com/,St. Louis Criminal Defense Attorney | JCS Law Criminal Law,en-us,,,7.1.2,jcslaw,,add-to-any;contact-form-7;contact-form-7-honeypot;wp-google-map-plugin;wp-pagenavi;wp-smush-pro;wpfront-notification-bar,7,,,,,,nginx,high,2026-10-02
9901411,jarredamato.com,https://jarredamato.com/,DR. JARRED AMATO – Award-Winning English Teacher. Author of JUST READ IT: Unlocking the Magic of Independent Reading in Middle and High School Classrooms. Speaker. Founder of Project LIT Community.,en,,,,WordPress.com theme,,custom-fonts;gutenberg-core,2,,,,,WordPress.com / VIP,nginx,high,2026-10-02
9903872,iptvsmarters.dev,https://iptvsmarters.dev/,Download IPTV Smarters Pro APK for Android/iOS/Windows & Mac,en-us,,,6.4.3,kadence,,elementor,1,,Elementor,Rank Math,,,cloudflare,high,2026-10-02
9911753,hometownfoodcompany.com,https://hometownfoodcompany.com/,Home - Hometown Food Company,en-us,,,7.0.5,brick,brick-child,formidable;slick;svg-support;theme-my-login,4,,,Yoast SEO,,WP Engine,cloudflare,high,2026-10-02
9917878,groundworkcolorado.org,https://groundworkcolorado.org/,Groundwork Denver – Community action. Environmental results.,en-us,,,7.1.2,bb-theme,,bb-plugin;bbpowerpack;chained-quiz;enable-jquery-migrate-helper;events-calendar-pro;helping-habit;page-links-to;the-events-calendar,8,,Beaver Builder,,,,nginx,high,2026-10-02
9919412,gothamorg.com,https://gothamorg.com/,"Real Estate Developer, Owner, and Manager | Gotham Organization Gotham Organization",en-us,,,7.1.2,gotham,,autoptimize;contact-form-7,2,,,,,,cloudflare,high,2026-10-02
9932648,fairislebrewing.com,https://fairislebrewing.com/,Fair Isle Brewing,en-us,,,,,,,0,,,,,Kinsta,cloudflare,high,2026-10-02
9935139,essexrichards.com,https://www.essexrichards.com/,Charlotte Law Firm - Estate Planning Attorneys - Family Law & Bankruptcy,en-us,,,7.0.5,pro,pro-child,essential-grid;google-reviews-business;monarch;revslider,4,,,Yoast SEO,,WP Engine,cloudflare,high,2026-10-02
9942701,dr-lindenau.at,https://www.dr-lindenau.at/,Urologe Wien - Dr. Lindenau-Pipic - Dr. Gabriele Lindenau-Pipic,de,AT,Austria,,salient,,bookly-addon-pro;bookly-responsive-appointment-booking-tool;complianz-gdpr;salient-nectar-slider,4,,,Yoast SEO,,,Apache,high,2026-10-02
9946748,dgoldlaw.com,https://www.dgoldlaw.com/,"Personal Injury Lawyer Memphis, Tennessee | The Gold Law Firm",en-us,,,,thegold,,gravityforms;page-list;wp-rocket,3,,,Yoast SEO,,WP Engine,cloudflare,high,2026-10-02
9956058,commander-cool.com,https://commander-cool.com/,Commander Cool 2 - A tribute to the good old 2D arcade platformer,en-us,,,,petsandvets,,easy-fancybox;gif-animation-preview;nextgen-gallery;videojs-html5-video-player-for-wordpress,4,,,,,,nginx,high,2026-10-02
9961216,charlenewheeless.biz,https://www.charlenewheeless.biz/,【最新】クレジットカード現金化はコンビニで可能？仕組みと注意点を徹底解説,ja,,,,blogarise,,ctr-tracker;custom-button-plugin;table-of-contents-plus;wp-badge-plugin,4,,,Yoast SEO,,,Apache,high,2026-10-02
9975797,azimutdiffusion.com,https://azimutdiffusion.com/,Azimut Diffusion – Diffuseur majeur de la région de Sorel-Tracy,fr-fr,,,7.1.2,azimutdiffusion,,cc-child-pages;contact-form-7;contact-form-7-honeypot;google-site-kit;wp-font-awesome,5,,,,,,Apache,high,2026-10-02
9977370,attainsports.com,https://attainsports.com/,Attain Sports,en-us,,,,salient,,akismet;gravityforms;js_composer_salient;salient-core;salient-portfolio;salient-social,6,,,Yoast SEO,,WP Engine,cloudflare,high,2026-10-02
9978823,artvolga.site,https://artvolga.site/,"ЭКО в Самаре — Клиника АРТ-Волга | Лечение бесплодия, ЭКО, ИКСИ",ru-ru,,,7.1.2,artvolga,,blog-designer-pack;booking-calendar;contact-form-7;elementor;elementor-pro;jet-popup;mp-timetable;revslider;twenty20;widget-countdown,10,,Elementor,,,,nginx,high,2026-10-02
9997232,wizzbit.nl,https://www.wizzbit.nl/,Wizzbit | De ICT-collega's en systeembeheer specialisten,nl-nl,NL,Netherlands,,hello-elementor,,complianz-gdpr;elementor;elementor-pro;html5-cumulus;keywords-cloud;wpdatatables,6,,Elementor,Yoast SEO,,,nginx,high,2026-10-02
9999523,weedenlaw.com,https://www.weedenlaw.com/,Denver Criminal Lawyer | Jeff Weeden - WeedenLaw in Colorado,en-us,,,,weeden-law,,wp-customer-reviews,1,,,Yoast SEO,,WP Engine,cloudflare,high,2026-10-02
10013893,thetastytip.com,https://thetastytip.com/,Tasty Recipes Trusted Tips | The Tasty Tip,en-us,,,,foodiepro-v445,,cookie-law-info;google-analytics-for-wordpress;instagram-feed;simple-social-icons,4,,,Yoast SEO,,,cloudflare,high,2026-10-02
10038213,sanantoniotourist.net,https://sanantoniotourist.net/,San Antonio Tourist,en-us,,,,boardwalk,,jetpack,1,,,Yoast SEO,,,Apache,high,2026-10-02
10067566,networkwalks.com,https://networkwalks.com/,Networkwalks Academy,en-us,,,7.1.2,education-hub-pro,,contact-form-7;counter-number-showcase;download-manager;q2w3-fixed-widget;responsive-youtube-vimeo-popup;simple-embed-code;svg-support;theme-my-login;tracemyip-visitor-analytics-ip-tracking-control,9,,,Yoast SEO,,,Apache,high,2026-10-02
10114898,grannyscafe.net,https://grannyscafe.net/,Homepage - Granny's Cafe,en-us,,,7.1.2,savory,,contact-form-7;eltd-core;js_composer;revslider;simple-photo-feed,5,,WPBakery,Yoast SEO,,Flywheel,Flywheel,high,2026-10-02
10117663,gfctorneria.it,https://gfctorneria.it/,,en,IT,Italy,2.5,,,,0,,,,,,BitNinja Captcha Server,medium,2026-10-02
10153941,careleader.org,https://careleader.org/,CareLeader.org — Practical & relevant pastoral care information,en-us,,,6.9.9,magazine-pro,,,0,,,Yoast SEO,,,nginx,high,2026-10-02
10165427,bacteria.de,https://bacteria.de/de/,"My Bacteria – Mikrobiom, Darm und Gesundheit verstehen",de-de,DE,Germany,,divi,divi-child,real-cookie-banner-pro,1,,Divi,Rank Math,,,Apache,high,2026-10-02
10205029,transforminghawaiifoodsystem.org,https://transforminghawaiifoodsystem.org/,Home - Transforming Hawaiʻi's Food Systems Together,en-us,,,,kadence,,kadence-blocks;kadence-blocks-pro;kadence-conversions;kadence-pro,4,,,,,,nginx,high,2026-10-02
10221028,srashidi.ir,https://srashidi.ir/,وب گردی,fa-ir,IR,Iran,7.0.2,skyback,,,0,,,,,,nginx,high,2026-10-02
10225026,sloteaparty.org,https://sloteaparty.org/,Home - San Luis Obispo County Tea Party,en-us,,,,avada,,event-tickets;mailpoet;rumble,3,,Avada,Yoast SEO,,,Apache,high,2026-10-02
10231054,scsifaq.org,https://scsifaq.org/,"SCSI Innovations – Medizintechnologie, Liposuktion und Fettabsaugung in Zürich (FAQ) -",de,,,6.8.10,natural-lite,,hostinger-reach,1,,,Rank Math,,Hostinger,hcdn,high,2026-10-02
10231089,scriptbox.io,https://scriptbox.io/,ScriptBox - Headless WordPress & AI Systems,en,,,,,,,0,,,Yoast SEO,,,nginx,high,2026-10-02
10233811,sajione.jp,https://sajione.jp/,サジージュースのサジーワン│サジーベリー通販のSajiOne,ja,JP,Japan,,gb,,google-analytics-for-wordpress,1,,,Yoast SEO,,,nginx,high,2026-10-02
10234347,sabrina-james.com,https://sabrina-james.com/,Sabrina & James,,,,7.1.2,generatepress,generatepress-child,,0,,,Yoast SEO,,Kinsta,cloudflare,high,2026-10-02
10236043,rooney.law,https://rooney.law/,Home - Rooney Law,en-us,,,,astra,,elementor,1,,Elementor,,,,cloudflare,high,2026-10-02
10237688,ridgeinnovative.com,https://ridgeinnovative.com/,Home - Ridge Innovative,en-us,,,,divi,divi-child,booster-pack-for-divi;flip-boxes,2,,Divi,Yoast SEO,,,Apache,high,2026-10-02
10269235,momoshodo.com,https://momoshodo.com/,MOMO書道教室 | 美しい文字は一生の宝,ja,,,7.1.2,astra,astra-child,instagram-feed;ultimate-addons-for-gutenberg,2,,Spectra,,,,Apache,high,2026-10-02
10280256,lowair.lt,https://lowair.lt/,LOW AIR • Low Air Šokio Teatras | Mokykla,lt-lt,LT,Lithuania,,,,,0,,Elementor,Rank Math,,,Apache,high,2026-10-02
10288630,kotoha0.com,https://kotoha0.com/,「隠れ魔女」の目覚め – 才能を目覚めさせて お金に換える 〜 軽やかに もっと自由に 制限なく〜,ja,,,7.1.2,enfold,enfold-child,contact-form-7;contact-form-7-paypal-add-on;google-site-kit,3,,,,,,Apache,high,2026-10-02
10300611,internationaldeepspacestandards.com,https://internationaldeepspacestandards.com/,International Deep Space Interoperability Standards,en-us,,,7.1.2,twentytwentyfour,,,0,,,,,WordPress.com / VIP,nginx,high,2026-10-02
10315290,goldstarcafe.net,https://goldstarcafe.net/,Goldstar Cafe,id,,,7.1.2,fooding,,,0,,,,,,cloudflare,high,2026-10-02
10318877,gastroportal.at,https://gastroportal.at/,"GASTRO.at - GASTRO Online Magazin für Gastronomie, Hotellerie und Tourismus",de,AT,Austria,7.1.2,,,shapepress-dsgvo;td-composer;wordpress-popular-posts,3,,,Rank Math,,,Apache,high,2026-10-02
10329845,epitopea.com,https://www.epitopea.com/,Home - Epitopea,en-gb,,,7.1.2,oxygen-is-not-a-theme,,oxy-ninja,1,,,Yoast SEO,,,nginx,high,2026-10-02
10338091,disabilityscot.org.uk,https://www.disabilityscot.org.uk/,Home - Disability Information Scotland,en-gb,GB,United Kingdom,7.0.6,dis,,cred-frontend-editor;learndash-propanel;mailjet-for-wordpress;olalaweb-mailchimp-campaign-manager;sfwd-lms;toolset-blocks;toolset-maps;uncanny-learndash-toolkit;widget-options,9,,,Yoast SEO,,Kinsta,cloudflare,high,2026-10-02
10354170,ceasalud.com,https://ceasalud.com/,Cea Salud - CEASALUD,es,,,6.4.3,medicate,medicate-child,complianz-gdpr;contact-form-7;elementor;google-analytics-for-wordpress;gtm-kit;medicate-core;mp-timetable;revslider;woocommerce,9,WooCommerce,Elementor,Yoast SEO,,,nginx,high,2026-10-02
10412021,te-fence.com,https://te-fence.com/,Security Fencing System | Te-Fence,en-us,,,6.0.16,construct,,3d-flipbook-dflip-lite;contact-form-7;gdpr-cookie-compliance;js_composer;litespeed-cache;revslider;sitepress-multilingual-cms;wpcf7-recaptcha;wpcf7-redirect,9,,WPBakery,Yoast SEO,WPML,,LiteSpeed,high,2026-10-02
10422731,smallbusinesslegalsolutions.com,https://smallbusinesslegalsolutions.com/,Home - Small Business Legal Solutions LLC,en-us,,,7.1.2,generatepress,,generateblocks-pro;gp-premium;gutenberg,3,,,Rank Math,,WordPress.com / VIP,nginx,high,2026-10-02
10440645,qcollaborative.com,https://www.qcollaborative.com/,qCollaborative,en-us,,,7.1.2,flash-pro,,elementor;elementor-pro,2,,Elementor,,,,nginx,high,2026-10-02
10442122,promed.com.au,https://www.promed.com.au/,Home - Pro Medicus,en-au,AU,Australia,,avada,,,0,,Avada,Yoast SEO,,,nginx,high,2026-10-02
10442369,profullcracks.com,https://profullcracks.com/,KU88 🎖️ KU88.ARCHI Link Website Chính Thức KUBET,vi,,,7.0,flatsome,,fixed-toc;wp-rocket,2,,,Rank Math,,,cloudflare,high,2026-10-02
10445607,planungsbuero-entech.de,https://planungsbuero-entech.de/,Energieberatung und Energieaudit | Planungsbüro ENTECH,de,DE,Germany,7.1,i-transform_changes,,beaver-builder-lite-version;borlabs-cookie;master-slider;shariff-sharing;social-icons-widget-by-wpzoom;templatesnext-toolkit;wp-typography;wpi-designer-button-shortcode,8,,Beaver Builder,,,,nginx,high,2026-10-02
10465034,moriartysfence.com,http://moriartysfence.com/,Home - Moriartys Fence Company Rhode Island - Moriarty's Fence Company,en-us,,,7.1.2,allegiant_pro,,add-search-to-menu;cf7-multi-step;contact-form-7;cpo-companion;gravityforms;html5-responsive-faq;if-so;instagram-feed;js_composer;project;rhode-island-pet-showcase;staff-directory-pro;ultimate-addons-for-contact-form-7,13,,WPBakery,Rank Math,,,nginx,high,2026-10-02
10511885,glencroft.com,https://www.glencroft.com/,"Senior Living Glendale, AZ | Glencroft Center for Modern Aging",en-us,,,,ekko,,js_composer;keydesign-addon,2,,WPBakery,Yoast SEO,,WP Engine,cloudflare,high,2026-10-02
10543425,claytonbiotech.com,https://www.claytonbiotech.com/,ClaytonBiotech,en-us,,,,astra,,call-to-action-block-wppool;contact-form-7;elementor;elementor-pro;header-footer-elementor;responsive-block-suite,6,,Elementor,,,WP Engine,cloudflare,high,2026-10-02
10548830,carabinlaw.com,https://carabinlaw.com/,Carabin Law | Injury Attorney Experts - 24/7 Assistance,en-us,,,7.1.2,hello-elementor,,all-in-one-seo-pack;elementor;elementor-pro;essential-addons-for-elementor-lite;jeg-elementor-kit;metform;reviews-feed;wp-live-chat-software-for-wordpress;wp-pagenavi,9,,Elementor,All in One SEO,,,cloudflare,high,2026-10-02
10552098,brookeflanagan.com,https://www.brookeflanagan.com/,NOVA Birth Photography | Northern Virginia Birth Photographer,en-us,,,7.1.2,astra,,elementor;elementor-pro;elfsight-instagram-feed-cc;simple-social-icons;taptap-by-bonfire,5,,Elementor,,,,nginx,high,2026-10-02
10553668,borsteinenterprises.com,https://www.borsteinenterprises.com/,California Real Estate Development Firm | Borstein Enterprises,en-us,,,,tenderling_borstein,,acf-conditional-taxonomy-rules-master;advanced-custom-fields-pro;ajax-search-lite;contact-form-7;wp-consent-api;wp-smushit;wpconsent-premium,7,,,Yoast SEO,,WP Engine,cloudflare,high,2026-10-02
10569344,allactual.com,https://allactual.com/,allactual.com,es,,,7.1.2,hostinger-ai-theme,,elementor;elementor-pro,2,,Elementor,,,,LiteSpeed,high,2026-10-02
10604118,thecodeframe.com,https://thecodeframe.com/,Web Design St. George Utah | The Code Frame,en-us,,,7.1.2,tcf-theme,,,0,,,Yoast SEO,,,nginx,high,2026-10-02
10610255,sunseekerstudios.com,https://sunseekerstudios.com/,SunSeeker Studios - Web Design & Digital Marketing,en-us,,,7.1.2,darknews,,blockspare;contact-form-7;easy-social-icons;elementor;elespare;everest-forms;wp-live-chat-support,7,,Elementor,Yoast SEO,,,Apache,high,2026-10-02
10620360,shericastle.com,https://shericastle.com/,"Sheri Castle - Award-Winning Food Writer, Storyteller, Media Host, Speaker",en-us,,,7.0.5,enfold,,google-analytics-for-wordpress,1,,,Yoast SEO,,WP Engine,cloudflare,high,2026-10-02
10631779,redneckrhapsody.com,https://redneckrhapsody.com/,Home - Redneck Rhapsody,en-us,,,7.1.2,generatepress,,add-to-any;gp-premium;jquery-pin-it-button-for-images;lightweight-social-icons;official-mailerlite-sign-up-forms;simple-social-icons;wp-show-posts;wp-show-posts-pro,8,,,Yoast SEO,,,cloudflare,high,2026-10-02
10669955,macdl.legal,https://www.macdl.legal/,Minnesota Association of Criminal Defense Lawyers,en-us,,,7.0.5,betheme,betheme-child,,0,,,,,WP Engine,nginx,high,2026-10-02
10709903,freefireapk.pro,https://freefireapk.pro/,Download Garena Free Fire Latest Apk on Android,en-us,,,6.9.9,kadence,,kadence-blocks,1,,Elementor,Yoast SEO,,,cloudflare,high,2026-10-02
10713169,finalcutprox.ch,https://www.finalcutprox.ch/,FinalCutProX.CH – Views and tips on Final Cut Pro X,en-gb,CH,Switzerland,5.7.19,oceanwp,,ocean-extra;post-views-counter,2,,Elementor,,,,nginx,high,2026-10-02
10741602,cbsoklahoma.com,https://cbsoklahoma.com/,"Custom Windows, Doors & Skylights | Get a Free Quote Today",en-us,,,7.0.6,pro,,essential-grid;gravity-forms-wcag-20-form-fields;gravityforms,3,,,,,,nginx,high,2026-10-02
10758012,aspirehr.com,https://aspirehr.com/,Home - AspireHR,en-us,,,7.1.2,hello-elementor,,anywhere-elementor;elementor;elementor-pro;essential-addons-for-elementor-lite;exclusive-addons-for-elementor;handl-utm-grabber,6,,Elementor,Yoast SEO,,,BigScoots Gateway,high,2026-10-02
10759495,arkansasspj.org,https://arkansasspj.org/,Society of Professional Journalists | Arkansas Pro Chapter – They Serve Best Who Serve the Truth,en-us,,,7.1.2,olsen,,gutenberg;jetpack,2,,,,,WordPress.com / VIP,nginx,high,2026-10-02
10765443,alansyliboy.ca,https://alansyliboy.ca/,"Alan Syliboy | Redcrane Studios – Millbrook, Nova Scotia",en-us,CA,Canada,,flatsome,,custom-facebook-feed;custom-twitter-feeds;gravityforms;instagram-feed;nextend-smart-slider3-pro;simple-lightbox;woocommerce,7,WooCommerce,,,,,Apache,high,2026-10-02
10819713,sasbe2015.com,https://sasbe2015.com/,SASBE 2015 – Architecture and Design for the Netherlands,en-nl,,,7.1.2,bloglo,,,0,,,Yoast SEO,,,cloudflare,high,2026-10-02
10829622,radio11q.com,https://radio11q.com/,Radio 11Q Your American Radio!,es,,,7.1.2,hello-elementor,,anwp-post-grid-for-elementor;click-to-chat-for-whatsapp;elementor;elementor-pro;instagram-feed;pojo-accessibility;sticky-header-effects-for-elementor;table-addons-for-elementor,8,,Elementor,Yoast SEO,,,cloudflare,high,2026-10-02
10833454,presitely.com,https://www.presitely.com/,An Awesome Digital Marketing Agency | Presitely,en-us,,,,presitely,,add-to-any;contact-form-7;wp-smushit,3,,,Yoast SEO,,,cloudflare,high,2026-10-02
10853405,nabu-bb.de,https://nabu-bb.de/,#Natura2000 | Startseite | Nabu-bb.de,de,DE,Germany,7.1.2,hello-elementor,,elementor;elementor-pro;essential-addons-for-elementor-lite;filebird-pro;jet-tabs;wp-google-maps;wp-google-maps-pro;wpforms;wpforms-coupons;wpforms-form-locker;wpforms-save-resume;wpforms-surveys-polls;wpforms-user-registration,13,,Elementor,Rank Math,,,cloudflare,high,2026-10-02
10879387,kenneyandross.com,https://kenneyandross.com/,Kenney & Ross Limited | Canadian Marine Collagen & Fish Gelatin,en-us,,,7.1.2,labtechco,,canada-post-woocommerce-shipping-premium;contact-form-7;elementor;revslider;themestek-labtechco-extras;translatepress-multilingual;woocommerce,7,WooCommerce,Elementor,Yoast SEO,TranslatePress,,LiteSpeed,high,2026-10-02
10879883,kcpsikoloji.com.tr,https://kcpsikoloji.com.tr/,Anasayfa -,tr,TR,Turkey,7.0.4,hello-elementor,,click-to-chat-for-whatsapp;custom-facebook-feed;custom-twitter-feeds;elementor;elementor-pro;feeds-for-youtube;instagram-feed;material-design-iconic-font-integration;reviews-feed,9,,Elementor,Rank Math,,,,high,2026-10-02
10882602,journeyfitnesscenter.com,https://journeyfitnesscenter.com/,Journey Fitness |,en-us,,,7.1.2,divi,,wpforms,1,,Divi,,,,nginx,high,2026-10-02
10896860,hertoghe.eu,https://www.hertoghe.eu/fr/,Hertoghe Clinic | Bienvenue,fr,EU,European Union,7.1.2,hertoghe,,contact-form-7;sitepress-multilingual-cms;stackable-ultimate-gutenberg-blocks;wp-pagenavi,4,,,,WPML,,Apache,high,2026-10-02
10904882,ghirp.org,https://ghirp.org/,Galveston-Houston Immigrant Representation Project,en-us,,,,pro,pro-child,modern-events-calendar,1,,,Yoast SEO,,WP Engine,cloudflare,high,2026-10-02
10926960,diepizzerei.at,https://www.diepizzerei.at/,Die Pizzerei – Pizza & Pasta,de,AT,Austria,,hello-elementor,,elementor;elementor-pro,2,,Elementor,,,,Apache,high,2026-10-02
10951656,blackoperaresearch.net,https://blackoperaresearch.net/,Black Opera Research Network |,en-za,,,6.0.16,divi,,custom-twitter-feeds;jquery-collapse-o-matic;modern-events-calendar-lite;supreme-modules-for-divi,4,,Divi,,,,Apache,high,2026-10-02
10953985,bestcilia.eu,https://bestcilia.eu/,bestcilia.eu,en-us,EU,European Union,7.1.2,minimer,,contact-form-7,1,,,,,,Apache,high,2026-10-02
10961607,arkansasosd.com,https://arkansasosd.com/,Arkansas Office of Skills Development,en-us,,,7.0.5,hello-elementor,,dynamic-content-for-elementor;elementor;elementor-pro;ultimate-elementor,4,,Elementor,Yoast SEO,,WP Engine,cloudflare,high,2026-10-02
10964618,amw.org,https://amw.org/,The Asilomar Microcomputer Workshop,en-us,,,7.1.2,amw,,easy-social-icons,1,,,,,,Apache,high,2026-10-02
10974141,20bet.tv,https://20bet.tv/,20Bet Sportsbook Review and Rating ᐈ 100% Sign Up Bonus,en,,,5.5.13,,,autoptimize;polylang-pro,2,,,Yoast SEO,Polylang,,nginx,high,2026-10-02
10985254,wavebathroomremodelingneworleans.com,https://wavebathroomremodelingneworleans.com/,"Wave Bathroom Remodeling New Orleans, Top Bathroom Remodeling Company",en-us,,,7.1.2,kadence,,contact-form-7;kadence-blocks,2,,Elementor,Rank Math,,,nginx,high,2026-10-02
11015268,sotosalonspa.com,https://sotosalonspa.com/,"Soto Salon Spa – Perrysburg, OH – Inspiring the Evolution of Beauty",en-us,,,7.0.5,solene,solene-child,contact-form-7;ds-cf7-math-captcha;instagram-feed;js_composer;revslider;solene-core;wpfront-notification-bar,7,,WPBakery,,,,nginx,high,2026-10-02
11038815,promocodemelbet.com,https://promocodemelbet.com/,Μеlbеt Ρrοmο & Вοnuѕ Сοdе [2026]: ml_605372,en,,,,engine,,jbox;jquery,2,,,,,,cloudflare,medium,2026-10-02
11048563,palafoxironworks.com,https://www.palafoxironworks.com/,Palafox Iron Works - Las Vegas,en-us,,,7.1.2,astra,,anywhere-elementor;contact-form-7;elementor;elementskit-lite,4,,Elementor,Yoast SEO,,,LiteSpeed,high,2026-10-02
11069285,metatron4025.com,https://metatron4025.com/,metatron hunter | metatron hunter 4025 | metatron hunter price | metatron gr hunter | metatron nls hunter | metatron nls,,,,,metatron4025,,gtranslate;litespeed-cache,2,,,Rank Math,GTranslate,Hostinger,hcdn,high,2026-10-02
11087461,kinemastermodapkdownload.io,https://kinemastermodapkdownload.io/,kinemastermodapkdownload.io,vi,,,7.1.2,twentytwentyfive,,,0,,,,,,cloudflare,high,2026-10-02
11089360,katekyo-yamanashi.com,https://katekyo-yamanashi.com/,【公式】マンツーマン指導のＫＡＴＥＫＹＯ学院・山梨県家庭教師協会 - 純度100％のマンツーマン指導それがKATEKYOの完全個別指導です,ja,,,7.0.6,world,,contact-form-7,1,,,,,,nginx,high,2026-10-02
11096640,ir-gsm.com,https://ir-gsm.com/,قطعات و ابزار های تعمیرات موبایل ارومیه - آی آر جی اس ام,fa-ir,,,,irankala2,,,0,,Elementor,Yoast SEO,,,LiteSpeed,high,2026-10-02
11104261,honkonglobal.com,https://www.honkonglobal.com/,"Diode Laser & IPL Hair Removal,Beauty Equipment Supplier -HONKON Laser",en,,,3.6.1,,,,0,,,,,,nginx,high,2026-10-02
11112883,gooddriver.jp,https://gooddriver.jp/,NPO法人グッドドライバー・レッスン,ja,JP,Japan,6.9.9,gooddriver,,contact-form-7;nb-email-addr-confirm,2,,,,,,nginx,high,2026-10-02
11146156,concrete-license.com,https://concrete-license.com/,(株)コンクレタス【北欧ホームズ】【PC(RC)北欧住宅と耐震コンクリート塀等の販売】,ja,,,,emanon-premium,,emanon-premium-blocks;vk-blocks-pro,2,,Elementor,,,,nginx,high,2026-10-02
11174465,apiter.ru,https://apiter.ru/,ПолисОнлайн,en-us,RU,Russia,6.7.1,miniva,,contact-form-7,1,,,,,,cloudflare,high,2026-10-02
11181165,aerostatica.ru,https://aerostatica.ru/,Все об искустве,ru-ru,RU,Russia,,reboot,,expert-review,1,,,,,,nginx-reuseport,high,2026-10-02
11182880,accesar.com,https://accesar.com/,Home - Accesar,es,,,7.1.2,betheme,,revslider,1,,,,,,nginx,high,2026-10-02
11188240,ywclin.com,https://www.ywclin.com/,産婦人科：やはたウィメンズクリニック ｜ 駐車場40台以上完備、伊勢原、平塚、厚木、秦野を中心として、産科（無痛分娩あり）、婦人科、更年期外来、女性ヘルスケア外来、女性漢方外来など,ja,,,6.9.9,birth_tcd057,birth_tcd057-child,contact-form-7,1,,,,,,Apache,high,2026-10-02
11189062,yosipivka.com,https://yosipivka.com/,Комунальний заклад «Йосипівська гімназія» | Чоповицької селищної ради Коростенського району Житомирської області,uk,,,6.2.13,twentyten,,,0,,,,,,LiteSpeed,high,2026-10-02
11202841,ut.lt,https://www.ut.lt/,Titulinis - Utenos | Customized Jersey Specialists,lt-lt,LT,Lithuania,7.1.1,utenos-trikotazas,,contact-form-7;contact-form-7-honeypot;polylang,3,,,Yoast SEO,Polylang,,nginx,high,2026-10-02
11206345,turasband.com,https://www.turasband.com/,Turas – Irish Trad in the heart of Illinois,en-us,,,7.0.6,twentysixteen,,bluehost-wordpress-plugin;contact-form-7;google-analytics-for-wordpress;google-calendar-events;jetpack,5,,,,,,Apache,high,2026-10-02
11210700,tipps-zum-pferd.de,https://www.tipps-zum-pferd.de/,"Tipps zum Pferd - Tipps rund um Reiten und Pferde: Western, Springen, Dressur - Tipps zum Pferd",de,DE,Germany,,generatepress_child,,autoptimize,1,,,Yoast SEO,,,Apache,high,2026-10-02
11231729,shun-kyoto.com,https://shun-kyoto.com/,パーソナルスキンケアブランド Shun（シュン）,ja,,,6.4.12,shun,,contact-form-7,1,,,Yoast SEO,,,nginx,high,2026-10-02
11240091,russeanes.com,https://russeanes.com/,Russ Eanes – Writer / Walker / Cyclist,en,,,,WordPress.com theme,,gutenberg-core,1,,,,,WordPress.com / VIP,nginx,high,2026-10-02
11249843,purplemoondesigns.co.uk,https://www.purplemoondesigns.co.uk/,"Web Design, Logo Design & Software Development in Glasgow",en-us,GB,United Kingdom,7.1.2,purplemoondesigns,,widget-google-reviews,1,,,Rank Math,,,Apache,high,2026-10-02
11266141,ohioeda.com,https://ohioeda.com/,OEDA,en-us,,,,oeda,,bb-plugin;formidable,2,,Beaver Builder,,,,Apache,high,2026-10-02
11272246,nekodeko.net,https://nekodeko.net/,NPO法人ねこdeko | 兵庫県川西市 のら猫・保護猫活動 NPO法人,ja,,,,swell,,contact-form-7,1,,,,,,nginx,high,2026-10-02
11303482,kemredcross.ru,https://www.kemredcross.ru/,Российский Красный Крест — Кемеровское региональное отделение,ru-ru,RU,Russia,6.7.2,bam,,accordion-and-accordion-slider;contact-form-7;wp-responsive-menu,3,,,,,,nginx,high,2026-10-02
11327757,greenplanetcatering.com,https://greenplanetcatering.com/,"Green Planet Catering | Green Planet Catering – Raleigh, NC",en-us,,,,gpc,,easy-testimonials;gravity-forms-auto-placeholders,2,,,Yoast SEO,,Flywheel,Flywheel,high,2026-10-02
11338286,folkr.fr,https://folkr.fr/,"Folkr | Mode, lifestyle, art, photo & musique",fr-fr,FR,France,6.8.10,,,canvas;cleaner-gallery;login-with-ajax;powerkit;searchwp-live-ajax-search;video-embed-thumbnail-generator,6,,Elementor,Yoast SEO,,,Apache,high,2026-10-02
11341888,farsanautomation.com,https://farsanautomation.com/,نمایندگی زیمنس - نمایندگی محصولات زیمنس در ایران - نمایندگی زیمنس در تهران - اتوماسیون فرسان,fa-ir,,,,woodmart,,,0,,Elementor,Yoast SEO,,,,high,2026-10-02
11350713,eathosdublin.com,https://eathosdublin.com/,Eathos Dublin - Upper and Lower Baggot Street,en-gb,,,7.1.2,,,,0,,,,,,LiteSpeed,high,2026-10-02
11358178,deeployalty.io,https://deeployalty.io/,Digital platform for modern retailers and banks | DEEPLOYALTY,en-us,,,6.2.2,deep-loyalty,,,0,,,Yoast SEO,,,Apache,high,2026-10-02
11413102,xn--80aafdlqz1byj.xn--p1ai,https://xn--80aafdlqz1byj.xn--p1ai/,"Магия Веры — журнал о духовности, самопознании и тайнах жизни",ru-ru,,,,journalx,,abc-pagination;flying-press,2,,,Rank Math,,,nginx,high,2026-10-02
11426434,underfashionclub.org,https://underfashionclub.org/,The Underfashion Club - Supporting Students Studying Intimate Apparel,en-us,,,6.6.9,enfold,,all-in-one-event-calendar;easy-custom-auto-excerpt;goo-pie-chart;users-ultra;wp-popups-lite,5,,,Yoast SEO,,,Apache,high,2026-10-02
11449414,solisolar-hamburg.de,https://www.solisolar-hamburg.de/,Lokale Energiewende selbst machen – mit Solarstrom vom Balkon - SoliSolar-Hamburg,de,DE,Germany,,twentyseventeen,,accordion-blocks;cf7-conditional-fields;cf7-data-source;contact-form-7;double-opt-in;gosign-simple-teaser-block;master-slider;responsive-accordion-and-collapse;simple-google-recaptcha,9,,,Yoast SEO,,,Apache,high,2026-10-02
11486028,onlinemarketing.plus,https://onlinemarketing.plus/,Kurze Pause,de,,,,,,maintenance,1,,,,,,nginx,high,2026-10-02
11521498,kinghoki4d.me,https://kinghoki4d.me/,WW88 🟢 Trang Chủ Chính Thức Nhà Cái WW88.COM | Cá Cược Uy Tín 10/2026,vi,,,7.1.2,flatsome,,,0,,,Rank Math,,,cloudflare,high,2026-10-02
11550676,gehauser.at,https://gehauser.at/,Architekt Dip.-Ing Gerhard Hauser – Architekturbüro Innsbruck,de-at,AT,Austria,5.5.12,gerhardhauser,,animated-typing-effect;architecturer-elementor;elementor;elementor-pro;translatepress-multilingual;unlimited-timeline;wpforms-lite,7,,Elementor,,TranslatePress,,Apache,high,2026-10-02
11550983,gbk-brandenburg.de,https://www.gbk-brandenburg.de/,Grün-Bürgerbewegte Kommunalpolitik im Land Brandenburg e.V.,de,DE,Germany,7.1.2,generatepress,,borlabs-cookie;contact-form-7;contact-form-7-honeypot;contact-form-7-image-captcha;e-recht24-share;gp-premium;mailpoet,7,,,,,,nginx,high,2026-10-02
11579354,cwswaterproofing.com,https://www.cwswaterproofing.com/,Concrete Waterproofing Systems (CWS) - Commercial Concrete Protection,en-us,,,7.1.2,astra,inous-child,elementor;elementor-pro;popup-builder-block;sg-cachepress;ultimate-elementor,5,,Elementor,Yoast SEO,,,nginx,high,2026-10-02
11582114,cost804.org,https://cost804.org/,Welcome to cost804.org Stories,en-us,,,6.7.2,bloglo,,,0,,,Rank Math,,,cloudflare,high,2026-10-02
11607921,barbbetts.com,https://barbbetts.com/,Barb Betts: Human Connection Expert & Keynote Speaker,en-us,,,6.8.10,hello-elementor,,elementor;elementor-pro;elementskit-lite;essential-addons-for-elementor-lite;google-site-kit;gravityforms;gravityformsrecaptcha;metasync;skyboot-custom-icons-for-elementor,9,,Elementor,Rank Math,,,cloudflare,high,2026-10-02
11618983,altstadtlauf-koeln.de,https://www.altstadtlauf-koeln.de/,Altstadtlauf Köln | LAUFE OP KÖLSCHE ART!,de,DE,Germany,7.1.2,mana,mana-child,borlabs-cookie;contact-form-7;contact-form-7-honeypot;revslider,4,,,Yoast SEO,,,Apache,high,2026-10-02
11654059,watag-ag.ch,https://watag-ag.ch/,Autowaschstrassen in Wohlen & Baden-Dättwil: Top-Pflege,de,CH,Switzerland,6.6.9,fast-press,,all-in-one-seo-pack;dsgvo-fur-die-schweiz;google-analytics-for-wordpress,3,,,All in One SEO,,,Apache,high,2026-10-02
11774458,morindoo.com,https://morindoo.com/,"Morindoo | Horse Trekking Tours and Logistical Services in Mongolia, Logistics and Horse Riding in Mongolia",en,,,,,,,0,,,,,,Apache,high,2026-10-02
11775677,mokb-mars.ru,https://www.mokb-mars.ru/,"www.mokb-mars.ru — МОКБ ""Марс""",ru-ru,RU,Russia,,virtue,,,0,,,,,,Web server? Simple,high,2026-10-02
11932365,banso-g.co.jp,https://banso-g.co.jp/,キルティング加工・寝装寝具・OEMなら伴装有限会社にお任せ下さい。,ja,JP,Japan,6.8.10,banso,,,0,,,,,,nginx,high,2026-10-02
12000316,studystay.com,https://www.studystay.com/,"StudyStay.com | Your essential UK study guide :: student life in the UK, student accommodation, UK student visas, Where to learn English",en-gb,,,7.0,luxury,,contact-form-7,1,,,Yoast SEO,,,cloudflare,high,2026-10-02
12005100,spbbsme.ru,http://spbbsme.ru/,Главная - БЮРО СУДЕБНО-МЕДИЦИНСКОЙ ЭКСПЕРТИЗЫ,ru-ru,RU,Russia,7.0.6,esteem-pro,,cookie-notice;elementor;tablepress,3,,Elementor,Yoast SEO,,,nginx,high,2026-10-02
12099660,izyyoga.fr,https://izyyoga.fr/,Accueil - IZYYOGA,fr-fr,FR,France,5.2.21,dfd-native-old,,booked;booked-frontend-agents;contact-form-7;dfd-extensions;js_composer;revslider,6,,WPBakery,,,o2switch,o2switch-PowerBoost-v3,high,2026-10-02
12149383,dragonstorm.com,https://dragonstorm.com/,"DragonStorm, Inc. – Igniting Breakthroughs, Empowering Individuals",en-us,,,7.1.2,astra,,elementor,1,,Elementor,,,,Apache,high,2026-10-02
12203094,allegiancetransportation.com,https://www.allegiancetransportation.com/,- Allegiance Transportation,en-us,,,,shuttle,,photo-gallery;successforms,2,,,Yoast SEO,,,nginx,high,2026-10-02
12260901,smokersheap.com,https://smokersheap.com/,Top Juicy Vape Flavors & Fruity Vapes | Smokers Heap,en-us,,,7.1.2,,,,0,,Elementor,Rank Math,,Hostinger,hcdn,high,2026-10-02
12276810,rmcrc.com.au,https://rmcrc.com.au/,RMCRC | Rail Manufacturing CRC,en-us,AU,Australia,7.0.6,bridge,bridge-child,google-site-kit;js_composer;layerslider;revslider,4,,WPBakery,Yoast SEO,,,LiteSpeed,high,2026-10-02
12304354,obsidianscheduler.com,https://web.obsidianscheduler.com/,Obsidian Scheduler,en-us,,,7.1.2,generatepress,,diglabs-stripe-payments;gp-premium;wpconsent-cookies-banner-privacy-suite,3,,,,,,cloudflare,high,2026-10-02
12309871,netboxclub.com,https://netboxclub.com/,Armor Essentials: A Compact Guide,en-us,,,6.8.10,fairy,,,0,,,Yoast SEO,,,cloudflare,high,2026-10-02
12333382,lionheadrabbit.com,https://lionheadrabbit.com/,"Lionhead Rabbit | How to Care, Diet, Lifespan, FAQ (With Pictures)",en-us,,,,shapely,,shortcodes-ultimate;wp-math-captcha;wp-polls,3,,,Yoast SEO,,,cloudflare,high,2026-10-02
12356868,inovativos.com.br,https://inovativos.com.br/,Plataforma Inovativos,pt-br,BR,Brazil,6.7.9,hello-elementor,,contact-form-7;ele-custom-skin;elementor;elementor-pro;embedpress;embedpress-pro;jet-engine;premium-addons-for-elementor;qi-addons-for-elementor;say-what,10,,Elementor,,,,cloudflare,high,2026-10-02
12383797,frconversions.com,https://frconversions.com/,Home - FR Conversions,en-us,,,7.1.2,bricks,bricks-child,bricksextras;frames-plugin,2,,Bricks,Rank Math,,,cloudflare,high,2026-10-02
12431249,capodannoinversilia.com,https://www.capodannoinversilia.com/,Capodanno in Versilia 2026: Offerte Esclusive Hotel e Cenoni,it-it,,,6.6.9,betheme,,all-in-one-seo-pack;contact-form-7;elementor;elementor-pro;js_composer;symple-shortcodes,6,,Elementor,All in One SEO,,Aruba,aruba-proxy,high,2026-10-02
12441069,birminghambowl.com,https://birminghambowl.com/,Home - JLab Birmingham Bowl,en-us,,,,avada-child-theme,,3d-flipbook-dflip-lite,1,,Avada,Yoast SEO,,WP Engine,cloudflare,high,2026-10-02
12450497,atowinc.com,https://atowinc.com/,"Atlanta, Georgia Tow Company - Cars, Trucks, Private Property — A Tow",en-us,,,,vms,,gravityforms,1,,,Yoast SEO,,,nginx,high,2026-10-02
12466615,aadesmoines.org,https://aadesmoines.org/,AA Des Moines | District 7 of Area 24,en-us,,,7.1.2,twentyfourteen,,12-step-meeting-list;contact-form-7;jetpack;the-events-calendar,4,,,,,,nginx,high,2026-10-02
12489018,uwtri.org,https://uwtri.org/,Home - UW TRI,en-us,,,7.1.2,dt-the7,dt-the7-child,accessibility-checker;elementor;jetpack;pojo-accessibility;pro-elements;search-filter-elementor;search-filter-pro;wp-accessibility,8,,Elementor,Yoast SEO,,WordPress.com / VIP,nginx,high,2026-10-02
12504742,terrapampalodge.com,https://terrapampalodge.com/,Terra Pampa Lodge | A Private Sporting Ranch in La Pampa.,en-us,,,7.0.6,divi,divi-child,litespeed-cache,1,,Divi,,,,LiteSpeed,high,2026-10-02
12509173,swiss-risk.org,https://www.swiss-risk.org/,Swiss Risk Association,en-us,,,6.9.9,timber-starter-theme-git,,contact-form-7;memberpress,2,,,Yoast SEO,,,Apache,high,2026-10-02
12513369,stewartmedicine.com,https://stewartmedicine.com/,Dr. Adam Stewart – Health Information. The Madoc Clinic. Physician Resources.,en-us,,,,,,revslider,1,,,,,,Apache,high,2026-10-02
12591976,marcuassociates.com,https://marcuassociates.com/,Humboldt Real Estate - Marcu & Associates,en-us,,,7.1.2,kadence,,flexmls-idx;kadence-blocks;simple-social-icons,3,,,Yoast SEO,,,nginx,high,2026-10-02
12608537,komarage.com,https://komarage.com/,駒込ガレージ – 山手線駒込駅徒歩1分のゲームスペース・コマレジ,ja,,,6.7.9,avant_tcd060,,jetpack;tablepress;tablepress-responsive-tables,3,,,,,,nginx,high,2026-10-02
12639734,growdemy.in,https://growdemy.in/,Growdemy,en-us,IN,India,6.8.10,numerique,,elementor;elementor-pro,2,,Elementor,,,Hostinger,hcdn,high,2026-10-02
12657180,falafelbooks.com,https://falafelbooks.com/,Falafel books - блокноты и скетчбуки . Сделано в Москве,ru-ru,,,7.1.2,falafel,,side-cart-woocommerce;woocommerce,2,WooCommerce,,Yoast SEO,,,nginx,high,2026-10-02
12668445,dueroformacion.com,https://www.dueroformacion.com/,Duero Formación | Cursos Formativos en Valladolid,es,,,7.0.6,divi,,complianz-gdpr,1,,Divi,,,,Apache,high,2026-10-02
12674899,depressionwarrior.com,https://depressionwarrior.com/,Depression Warrior – On Surviving Depression,en-us,,,7.1.2,nisarg,,bluehost-wordpress-plugin;ultimate-social-media-icons;yikes-inc-easy-mailchimp-extender,3,,,,,,Apache,high,2026-10-02
12680744,crosssection.blog,https://crosssection.blog/,CROSS SECTION,en-gb,,,,WordPress.com theme,,gutenberg-core,1,,,,,WordPress.com / VIP,nginx,high,2026-10-02
12681248,creciendojuntoscr.org,https://www.creciendojuntoscr.org/,Home - Creciendo Juntos,en-us,,,7.1,,,,0,,,Yoast SEO,,Kinsta,cloudflare,high,2026-10-02
12689801,cherry-creekdentist.com,https://www.cherry-creekdentist.com/,Aspen Dental – Private Practice of Cherry Creek Aspen Dental | Dentist CO 80206,en-us,,,,,,,0,,Elementor,Yoast SEO,,,cloudflare,high,2026-10-02
12703798,bitlending.jp,https://bitlending.jp/,おまかせ安心 ほったらかしで資産が育つBitLending｜ビットコイン・仮想通貨（暗号資産）レンディング｜ビットレンディング,ja,JP,Japan,7.1.2,bitlending,,add-to-any;contact-form-7;hustle,3,,,,,,nginx,high,2026-10-02
12758178,twinlakesgolf.net,https://www.twinlakesgolf.net/,Home - Twin Lakes Golf and Country Club,en-us,,,,twentytwentyone,,custom-api-for-wordpress;elementor;elementskit;elementskit-lite;essential-addons-for-elementor-lite;mec-single-builder;modern-events-calendar;pdf-embedder;simple-cloudflare-turnstile;ultimate-member,10,,Elementor,Yoast SEO,,,nginx,high,2026-10-02
12769263,thedukeandduchesspodcast.com,https://www.thedukeandduchesspodcast.com/,The Duke and Duchess Podcast – A Fantasy and Sci-Fi Book Club Podcast,en-us,,,7.1.2,lifestyle,,powerpress;simple-share-buttons-adder;tablepress,3,,,,,,Apache,high,2026-10-02
12775127,tajvan.si,https://www.tajvan.si/,Center za tajvanske študije,sl-si,SI,Slovenia,7.1.1,ashe-pro-premium,,contact-form-7;cookie-notice,2,,Elementor,,,,nginx,high,2026-10-02
12842967,mooiwerkbreda.nl,https://mooiwerkbreda.nl/,Vrijwilligerswerk in Breda | MOOIWERK,nl-nl,NL,Netherlands,,astra-child-new,,activecampaign-subscription-forms;elementor;elementor-pro;eventon;eventon-action-user;foobox-image-lightbox;header-footer-elementor;sfwd-lms;ultimate-elementor;wpforms,10,,Elementor,Yoast SEO,,,nginx,high,2026-10-02
12845698,miniskipbinsadelaide.com.au,https://miniskipbinsadelaide.com.au/,Skip Bin Hire Adelaide | Affordable Skip Bins for Hire | Mini Skip Bins Adelaide,en-au,AU,Australia,,augmentum-digital,,,0,,,,,,nginx,high,2026-10-02
12899296,h3bet.art,https://h3bet.art/,H3bet | Nhà Cái Uy Tín - Link Vào H3bet Mới Nhất 2026,vi,,,6.7.9,flatsome,,wp-rocket,1,,,Rank Math,,,cloudflare,high,2026-10-02
12916890,feuerwehr-florian.com,https://www.feuerwehr-florian.com/,FF St. Florian,de,,,7.1.1,einhundertzweiundzwanzig,,jetpack;page-list;responsive-lightbox;youtube-embed-plus,4,,,,,,nginx,high,2026-10-02
12919682,eyilan.tw,https://eyilan.tw/,eyilan.tw,vi,TW,Taiwan,7.1.2,twentytwentyfive,,,0,,,,,,cloudflare,high,2026-10-02
12945176,crossfit391.fr,https://crossfit391.fr/,Crossfit 3.91 - Crossfit Igny | La box référence CrossFit à Igny et dans le 91,fr-fr,FR,France,6.3.12,bridge,,complianz-gdpr;contact-form-7;elementor;event-tickets;layerslider;mp-timetable;revslider,7,,Elementor,,,,Apache,high,2026-10-02
12963515,cad2.re,https://cad2.re/,"Professionnels – Réservés aux professionnels de la fermeture, de l'automatisme, du contrôle d'accès et de la vidéosurveillance.",fr-fr,RE,Réunion,7.1.2,milestonez-pro,,ajax-search-for-woocommerce;contact-form-7;mailchimp-for-woocommerce;megamenu;my-calendar;tablepress;ultimate-member;woocommerce;woocommerce-request-a-quote,9,WooCommerce,Elementor,,,,Apache,high,2026-10-02
13051818,studiociocca.com,https://www.studiociocca.com/,Commercialisti a Legnano dal 1983 | Studio Ciocca & Associati,it-it,,,6.8.10,accountant-wp,,contact-form-7;contact-form-7-style;js_composer;redux;wpcf7-redirect,5,,WPBakery,Yoast SEO,,Aruba,aruba-proxy,high,2026-10-02
13074533,sakura-jp.com.tw,https://www.sakura-jp.com.tw/,櫻花日語學園｜日文補習班、線上日文課程、日本留學代辦、打工度假,zh-tw,TW,Taiwan,5.8.17,left-sidebar,,bootstrap-for-contact-form-7;contact-form-7;tablepress;wp-favorite-posts;wp-pagenavi,5,,,,,,nginx,high,2026-10-02
13088896,qfenster.de,https://qfenster.de/,Qualität | Fenster | Augsburg | Hochwertige Fenster & Türen,de,DE,Germany,7.1.2,bridge,bridge-child,arscode-ninja-popups;borlabs-cookie;campaignpilot-client;child-theme-generator;contact-form-7;js_composer;pb-mailcrypt-antispam-email-encryption;quform;revslider,9,,WPBakery,Yoast SEO,,,Apache,high,2026-10-02
13092630,primemoldinspection.com,https://primemoldinspection.com/,Mold Inspection Company Los Angeles | Book Today | Prime Mold Inspection,en-us,,,,hello-elementor,,bdthemes-element-pack-lite;elementor;elementskit-lite;essential-addons-for-elementor-lite;fluentform;jeg-elementor-kit,6,,Elementor,Yoast SEO,,Hostinger,hcdn,high,2026-10-02
13114288,novellaygarcia.com,https://novellaygarcia.com/,Novella & García- Administradores de fincas desde 1998,es,,,,dt-the7,,akismet;contact-form-7;contact-form-7-honeypot;dt-the7-core;js_composer;machete;menta-the7,7,,WPBakery,Yoast SEO,,,Apache,high,2026-10-02
13142996,mahindrabrasil.com.br,https://www.mahindrabrasil.com.br/,home - MAHINDRA TRATORES,pt-br,BR,Brazil,,,,,0,,Divi,,,Hostinger,hcdn,high,2026-10-02
13179125,indigobay.com,https://www.indigobay.com/,Indigo Bay St Maarten – Indulge Thoughtfully,en-us,,,7.1.2,inspiro,,beaver-builder-lite-version;bluehost-wordpress-plugin;cf7-conditional-fields;contact-form-7;social-icons-widget-by-wpzoom,5,,Beaver Builder,,,,nginx,high,2026-10-02
13202766,gintalaite.com,https://gintalaite.com/,Luxury Car Rental Dubai | Rent VIP Cars,en-ae,,,7.1.2,automobile-hub,,contact-form-7,1,,,Yoast SEO,,,cloudflare,high,2026-10-02
13235447,doneergratis.nl,https://doneergratis.nl/,Doneer Gratis – Steun goede doelen zonder kosten,nl-nl,NL,Netherlands,7.1.2,hello-elementor,,contact-form-7;content-views-query-and-display-post-page;cookie-law-info;elementor;elementor-pro;elementskit-lite;widget-options,7,,Elementor,Yoast SEO,,,,high,2026-10-02
13285510,ashokprasad.ink,https://ashokprasad.ink/,Prasad Lab at Colorado State University,en,,,,WordPress.com theme,,gutenberg-core,1,,,,,WordPress.com / VIP,nginx,high,2026-10-02
13289251,antonius7.de,https://antonius7.de/,"Zentrum für Implantologie, Ästhetik – Zahnersatz – Alles aus einer Hand",de,DE,Germany,,,,,0,,Elementor,,,,nginx,high,2026-10-02
13299937,acadiantotalsecurity.com,https://acadiantotalsecurity.com/,Acadian Total Security,en-us,,,,avada,,feedzy-rss-feeds;woo-conditional-product-fees-for-checkout;woocommerce;woocommerce-gateway-authorize-net-cim;woocommerce-payments,5,WooCommerce,Avada,Yoast SEO,,,cloudflare,high,2026-10-02
13335799,triermain.com,https://triermain.com/,"Triermain, LLC",en-us,,,7.0.6,escapade,,bluehost-wordpress-plugin;contact-form-7;interactive-3d-flipbook-powered-physics-engine;photo-gallery;popup-builder,5,,,,,,nginx,high,2026-10-02
13351873,taiwansfa.org,https://taiwansfa.org/,社團法人台灣運動好事協會,zh-tw,,,6.6.1,astra,,,0,,Elementor,,,,cloudflare,high,2026-10-02
13364466,smallbusinessansweringservice.co.uk,https://smallbusinessansweringservice.co.uk/,Small Business Answering Service | Telephone Answering – Best Small Business Answering Service UK,en-gb,GB,United Kingdom,7.1,sitesy-main,,litespeed-cache,1,,,,,,cloudflare,high,2026-10-02
13373574,scrc.com.tw,https://scrc.com.tw/,台北市 復健科診所 - 早期療育 - 感覺統合 - 注意力訓練 - 情緒行為 - PRP - 震波治療,zh-tw,TW,Taiwan,6.5.12,medical-circle,,all-in-one-seo-pack;contact-form-7;google-analytics-for-wordpress;wpsocialite,4,,,All in One SEO,,,LiteSpeed,high,2026-10-02
13403017,performancedentalcare.com,https://performancedentalcare.com/,"Dentist Tinley Park, IL | Family Dental Care | Performance Dental Care",en-us,,,,salient,,gravityforms;js_composer_salient;salient-core;wp-accessibility,4,,,Rank Math,,,nginx,high,2026-10-02
13411832,ollkorrect.dev,https://ollkorrect.dev/,OLL KORRECT,,,,,ollkorrect,,no-right-click-images-plugin,1,,,,,,nginx,high,2026-10-02
13422899,nansa.org,https://nansa.org/,Group Purchasing Organization for Building Service Contractors | NSA,en-us,,,,national-service-alliance,,photo-gallery;woocommerce,2,WooCommerce,Elementor,,,,cloudflare,high,2026-10-02
13431182,mks.ie,https://mks.ie/,Michael Kelleher Solicitors – Law Firm Based in Dublin 8 - Michael Kelleher Solicitors,en-gb,IE,Ireland,7.1.2,hello-elementor,,business-reviews-bundle;cookie-law-info;elementor;elementor-pro,4,,Elementor,Yoast SEO,,,Apache,high,2026-10-02
13435155,metanethosting.com,https://metanethosting.com/,"Metanet New York Data Center, Colocation, and Cloud",en-us,,,7.1.2,hello-elementor,,elementor;elementor-pro;elementskit-lite;essential-addons-for-elementor-lite;google-site-kit,5,,Elementor,Yoast SEO,,,Microsoft-IIS,high,2026-10-02
13472353,jamescole.eu,https://jamescole.eu/,James Cole,cs,EU,European Union,6.6.9,,,w3-total-cache;woocommerce;woocommerce-currency-switcher,3,WooCommerce,,,,,nginx,high,2026-10-02
13476808,innvolt.de,https://www.innvolt.de/,Photovoltaikanlagen in Passau - INNVOLT,de,DE,Germany,7.1.2,,,elementor-pro,1,,Elementor,Yoast SEO,,,Apache,high,2026-10-02
13479554,ilcortile-mulhouse.fr,https://www.ilcortile-mulhouse.fr/,IL CORTILE,fr-fr,FR,France,,ilcortile,,google-site-kit;woocommerce,2,WooCommerce,,,,,cloudflare,high,2026-10-02
13479885,ihr-sylt-haus.de,https://ihr-sylt-haus.de/,Ihr Sylt Haus » Ferienhäuser & Ferienwohnungen auf Sylt,de,DE,Germany,6.9.9,hello-elementor,,elementor;elementor-pro;lazy-load,3,,Elementor,Yoast SEO,,,Apache,high,2026-10-02
13519094,ems-zaun.de,https://ems-zaun.de/,E.M.S. Zaun |,de,DE,Germany,5.8.17,cherryframework,,cherry-lazy-load;cherry-parallax;cherry-plugin;contact-form-7;motopress-content-editor-lite,5,,,,,,Apache,high,2026-10-02
13525274,duckyandco.de,https://duckyandco.de/,Startseite - Ducky and Co Hausmeisterservice,de,DE,Germany,7.1.1,bricks,bricks-child,bricks-advanced-themer,1,,Bricks,Rank Math,,,Apache,high,2026-10-02
13525777,druckerei-elze.de,https://druckerei-elze.de/,Druckerei Elze,de,DE,Germany,,astra,,cookie-law-info;instagram-feed;ninja-forms;popup-maker;ultimate-addons-for-gutenberg,5,,Spectra,,,,Apache,high,2026-10-02
13532786,dematplus.com,https://www.dematplus.com/,DematPlus - La dématérialisation et plus encore!,fr-fr,,,6.2.13,zerif-lite,,themeisle-companion;wp-to-twitter,2,,,Yoast SEO,,,Apache,high,2026-10-02
13576119,artomega-catering.de,https://artomega-catering.de/,Artomega Catering | Eklektische Vision & Food-Philosophie,pl-pl,DE,Germany,7.1.2,astra,,elementor;header-footer-elementor;sticky-header-effects-for-elementor,3,,Elementor,Yoast SEO,,,nginx,high,2026-10-02
13593414,350marin.org,https://350marin.org/,Home - 350 Marin,en-us,,,,divi,,123contactform-for-wordpress;charitable;feed-them-social;simple-embed-code,4,,Divi,Yoast SEO,,,Apache,high,2026-10-02
13593472,321grad.de,https://www.321grad.de/,321Grad | Agentur für geschmackvolle Events | Christin Böttcher – Agentur für geschmackvolle Events,en-us,DE,Germany,5.3.25,grad,,cookie-notice;elementor;elementor-pro;sticky-header-effects-for-elementor,4,,Elementor,,,,Apache,high,2026-10-02
13627200,tokyoesportsfesta.jp,https://tokyoesportsfesta.jp/,【公式】東京eスポーツフェスタ2027,ja,JP,Japan,7.0.6,tokyoesportsfesta,,gtranslate,1,,,,GTranslate,,nginx,high,2026-10-02
13693329,ozgurseremet.com,https://ozgurseremet.com/,Özgür ŞEREMET - Bilişim Teknolojileri ve Yazılım Etkinlik Sitesi,tr,,,7.1.2,mh-magazine,,,0,,,,,,,high,2026-10-02
13701797,northchurchindy.com,https://northchurchindy.com/,North United Methodist Church – Inclusive • Inspired • Involved,en-us,,,7.1.2,chapel,chapel-child,contact-form-7;custom-twitter-feeds;genesis-blocks;give;instagram-feed;js_composer;revslider;the-events-calendar,8,,WPBakery,,,WP Engine,nginx,high,2026-10-02
13743211,kohtao.rocks,https://kohtao.rocks/,"Best Things To Do in Koh Tao | Beaches, Diving & more",en-us,,,7.1.2,popularfx,,cookieadmin;cookieadmin-pro;pagelayer,3,,,,,,nginx,high,2026-10-02
13746324,kevinmarkwick.co.uk,https://kevinmarkwick.co.uk/,"Cinema Owner Confidential – I'm in the dark, it's my job.",en,GB,United Kingdom,,WordPress.com theme,,gutenberg-core,1,,,,,WordPress.com / VIP,nginx,high,2026-10-02
13764034,jjei.com,https://www.jjei.com/,"Joe Johnson Equipment | Sweepers, Sewer & Hydrovac Equipment",en-us,,,,jjei-2026,,carousel-block;complianz-gdpr-premium;gtm-kit;ninja-forms-bootstrap5;search-filter;search-filter-pro;translatepress-multilingual,7,,,,TranslatePress,,nginx,high,2026-10-02
13778018,hypermediations.net,https://hypermediations.net/,Hypermediations,en-us,,,7.1.2,twentytwenty-hypermediations,,w3-total-cache,1,,,,,,nginx,high,2026-10-02
13812771,explorehunterdonnj.com,https://explorehunterdonnj.com/,"Hunterdon County Tourism | Adventurous Hunterdon NJ, USA",en-us,,,,explorehunterdon,,elementor;elementskit-lite;essential-addons-for-elementor-lite;events-calendar-pro;instagram-feed;livecanvas;the-events-calendar;ultimate-elementor;wp-seopress-pro,9,,Elementor,Yoast SEO,,WP Engine,cloudflare,high,2026-10-02
13827788,dolben.com,https://www.dolben.com,Meet Dolben | Industry-Leading Multi-Family Real Estate Firm,,,,,dolben,,,0,,,Yoast SEO,,WP Engine,cloudflare,high,2026-10-02
13839152,criodigital.co.uk,https://criodigital.co.uk/,Creative Digital Agency Hampshire | Crio Digital,en-gb,GB,United Kingdom,6.8.10,avada-child-theme,,,0,,Avada,Yoast SEO,,,nginx,high,2026-10-02
13841796,contractingwithkids.com,https://contractingwithkids.com/,Contracting With Kids,en-us,,,,marcy_contractkids,,bb-plugin;formidable,2,,Beaver Builder,,,,Apache,high,2026-10-02
13877144,ashtonrose.com,https://ashtonrose.com/,Ashton Rose – Premier Residential Property & Lifestyle Management in London Since 2000,en-us,,,,,,admin-email-address-changer;breakdance;cloudflare-turnstile;email-encoder-bundle;image-preloading,5,,Breakdance,,,,nginx-rc,high,2026-10-02
13889374,agefriendlysheffield.org.uk,https://agefriendlysheffield.org.uk/,Age Friendly Sheffield,en-us,GB,United Kingdom,,montere,,,0,,,,,,cloudflare,high,2026-10-02
13914147,weiliglobal.com,https://www.weiliglobal.com/,Microwave Oven & Home Appliance Manufacturer | WEILI Global,en-us,,,,astra,,rocket-lazy-load,1,,Elementor,,,,LiteSpeed,high,2026-10-02
13960365,smilingblueskies.com,https://www.smilingblueskies.com/,The Smiling Blue Skies Cancer Fund,en-us,,,7.0.6,avada,,ditty-news-ticker;fusion-builder;jetpack;layerslider;woocommerce,5,WooCommerce,Avada,,,,nginx,high,2026-10-02
13973609,salehlab.eu,https://salehlab.eu/,Saleh Lab’s Research,fr-fr,EU,European Union,,saleh-lab,,,0,,,Yoast SEO,,,Apache,high,2026-10-02
13973749,sajucall.co.kr,https://www.sajucall.co.kr/,재회 전화신점 후기 가격 - 전화점사 강남신점 사주 차이,ko-kr,KR,South Korea,7.1.2,kadence,,,0,,,Rank Math,,,openresty,high,2026-10-02
14017397,noridoki-p.com,https://noridoki-p.com/,【Webチラシ】NORIDOKI(ノリドキ),ja,,,,artrwd,,all-in-one-seo-pack;contact-form-7,2,,,All in One SEO,,,nginx,high,2026-10-02
14045755,lumbar.ir,https://lumbar.ir/,کلینیک تخصصی ستون فقرات | درمان غیر جراحی دیسک کمر و سیاتیک,fa-ir,IR,Iran,6.8.10,zephyr,,,0,,,Yoast SEO,,,LiteSpeed,high,2026-10-02
14054081,lbbcgroup.com,https://lbbcgroup.com/,LBBC Group - Driving tomorrow's engineering solutions,en-gb,,,,yootheme,,formidable;network-posts-extended;wp-cloudflare-page-cache;wp-views,4,,,Rank Math,,,cloudflare,high,2026-10-02
14072299,jacquelinebrenner.com,https://www.jacquelinebrenner.com/,JACQUELINE BRENNER – environmental scientist | outdoor enthusiast | creative,en-us,,,7.1.2,nikkon,,add-to-any;wp-content-copy-protection,2,,,,,,nginx,high,2026-10-02
14083101,hsconference.ca,https://hsconference.ca/,Alberta H&S Conference – First Choice HSE Event in Western Canada,en-ca,CA,Canada,7.1.2,mins,,beaver-builder-lite-version;contact-widgets;godaddy-email-marketing-sign-up-forms;the-events-calendar,4,,Beaver Builder,,,,cloudflare,high,2026-10-02
14086271,hollanducc.org,https://www.hollanducc.org/,Holland UCC - progressive. engaging. inclusive. - Holland United Church of Christ,en-us,,,7.0.6,pneuma,,siteorigin-panels;slidedeck;the-events-calendar,3,,SiteOrigin,Yoast SEO,,,Apache,high,2026-10-02
14087669,hileapk.net,https://hileapk.net/,HİLEAPK.NET - Android Apk İndir,tr,,,,moddroid,,contact-form-7;gdpr-cookie-compliance;kk-star-ratings;table-of-contents-plus,4,,,Rank Math,,,cloudflare,high,2026-10-02
14098924,globino.ua,https://corp.globino.ua/,"globino – Група підприємств ""Глобино""",uk,UA,Ukraine,6.5.12,,,gravityforms;sitepress-multilingual-cms,2,,,,WPML,,nginx,high,2026-10-02
14101981,geminja.com,https://geminja.com/,جمینجا - خرید محصولات بازی های آنلاین موبایل,fa-ir,,,7.0.6,meta-theme,,ara-sales-management;elementor;kk-star-ratings;mabel-wheel-of-fortune;structured-content;woocommerce,6,WooCommerce,Elementor,Yoast SEO,,,,high,2026-10-02
14105650,fullbalance.com,https://www.fullbalance.com/,Fußmassage für zu Hause - entwickelt aus 25 Jahren Erfahrung,de,,,6.8.10,fullbalance-2020,,contact-form-7-honeypot,1,,,Yoast SEO,,,nginx,high,2026-10-02
14123864,electricboatsboston.com,https://www.electricboatsboston.com/,Boat Cruise Boston | Boat Rentals Boston Harbor,en-ca,,,7.0.6,astra,,elementor;elementor-pro;header-footer-elementor;tabs-responsive,4,,Elementor,Yoast SEO,,,nginx,high,2026-10-02
14132342,dmitribeliakov.com,https://www.dmitribeliakov.com/,DMITRI BELIAKOV -,en-us,,,6.8.10,imagely-expedition,,elementor;nextgen-gallery;nextgen-gallery-pro;simple-social-icons,4,,Elementor,Yoast SEO,,,LiteSpeed,high,2026-10-02
14144363,countryfusion.net,https://countryfusion.net/,Country Fusion Dance Fitness - Country Fusion,en,,,7.1.2,x,,autoptimize;cornerstone;jetpack;popup-maker,4,,,,,,nginx,high,2026-10-02
14169341,bluesmoke.blog,https://bluesmoke.blog/,Blue Smoke – Shining a light on UN elections & senior appointments,en,,,,WordPress.com theme,,gutenberg-core,1,,,,,WordPress.com / VIP,nginx,high,2026-10-02
14186117,architectsdesignhaus.com,https://architectsdesignhaus.com/,architectsdesignhaus,en-au,,,6.6.9,architect-deignhaus,,,0,,,,,,LiteSpeed,high,2026-10-02
14225655,vfv.de,https://vfv.de/,Home - VfV Hildesheim,de,DE,Germany,7.1.2,dt-the7,,complianz-gdpr;contact-form-7;download-monitor;dt-the7-core;elementor;elementskit-lite;gutenkit-blocks-addon;modern-events-calendar-lite;popup-maker;post-grid-elementor-addon,10,,Elementor,Yoast SEO,,,Apache,high,2026-10-02
14250281,taizyagromachine.com,https://taizyagromachine.com/,Agricultural Machinery Equipment Supplier,en-us,,,7.1.2,shulisite03,,ai;livechat;translatepress-multilingual,3,,,Rank Math,TranslatePress,,nginx,high,2026-10-02
14251451,switchswitch.jp,https://switchswitch.jp/,「まだ、食べていい。」が叶うSwitchの超低糖質ブランパン,ja,JP,Japan,,jstork,,contact-form-7;table-of-contents-plus;vk-blocks;whats-new-genarator,4,,,,,,nginx,high,2026-10-02
14288160,rdl.group,https://www.rdl.group/,"RDL group - Conferences and Exhibitions | Logistics, Infrastructure, Investments and Cargo",en-gb,,,7.1.2,salient,,contact-form-7,1,,,Yoast SEO,,,cloudflare,high,2026-10-02
14295014,procurekey.com,https://www.procurekey.com/,ProcureKey: AI Led eSourcing & Procurement Sourcing Software,en-us,,,7.1.2,,,all-in-one-seo-pack;ays-popup-box;elementor;saasoft-plus;saasoft-pro,5,,Elementor,All in One SEO,,,cloudflare,high,2026-10-02
14317924,nordicpharma.cz,https://www.nordicpharma.cz/,Vítejte na stránkách společnosti Nordic Pharma s.r.o.,en-us,CZ,Czech Republic,7.1.2,uplift,,contact-form-7;cookie-law-info;link-widget-title;swift-framework,4,,,Yoast SEO,,WP Engine,cloudflare,high,2026-10-02
14336940,mega-umzug.at,https://mega-umzug.at/,MEGA UMZUG: Zuverlässig & professioneller Umzug & Service!,de,AT,Austria,,astra,astra-child,elementor;wp-seopress-pro,2,,Elementor,,,,cloudflare,high,2026-10-02
14361134,kinore.com,https://kinore.com/,Online Accountant Dublin Ireland | Kinore,en-gb,,,,hello-elementor,,elementor;elementor-pro;emcp-tools;woocommerce,4,WooCommerce,Elementor,Rank Math,,WP Engine,cloudflare,high,2026-10-02
14364430,karatewoodlands.com,https://karatewoodlands.com/,Karate of the Woodlands | The Woodlands Martial Arts & Fitness,en,,,7.1.2,market-muscles-llc-wp-mm-theme-aaa303cda0dcb3e6de34b6d654f5588aa8b841be,,market-muscles-llc-wp-mm-admin-core-646e1bd2528bea8047fc4b54cd785853b310175b;market-muscles-llc-wp-mm-admin-qr-code-90a68b34132164f16151ccf7bc7d6035bcb408f8;pojo-accessibility;wp-statistics;wpforms-user-journey,5,,,,,,cloudflare,high,2026-10-02
14366193,jumbocg.com,https://jumbocg.com/,Home - JUMBO,en,,,7.1.2,jumbo,,complianz-gdpr;contact-form-7;matomo,3,,,Yoast SEO,,,LiteSpeed,high,2026-10-02
14400032,getaheadinrobotics.com,https://getaheadinrobotics.com/,ALAN | Get ahead in robotics,en-us,,,7.0.6,casia-v1.35,,contact-form-7;ds-live-composer,2,,,,,,Apache,high,2026-10-02
14462349,carpinteriamadergon.com,https://www.carpinteriamadergon.com/,Carpintería Mardegon,es-es,,,7.0.6,caregiving,,,0,,,,,,Apache,high,2026-10-02
14489292,aspenaftersurgery.com,https://www.aspenaftersurgery.com/,"Breast Implant, Reconstruction, Capsular Contracture, and Liposuction Treatment",en-us,,,7.1.2,maxcare,,case-addons;cf7-redirect-thank-you-page;contact-form-7;elementor;ninja-forms;popup-maker,6,,Elementor,Yoast SEO,,,nginx,high,2026-10-02
14512140,1urban.com,https://1urban.com/,株式会社アーヴァンコーポレーション | 札幌市で24時間対応の水道修理・設備工事・ボイラー交換・除雪サービス,ja,,,7.1.2,lightning,,contact-form-7;lightning-g3-pro-unit;vk-all-in-one-expansion-unit;vk-blocks-pro,4,,,,,,nginx,high,2026-10-02
14580410,runningweb3.com,https://runningweb3.com/,RunningWeb3 | What It Takes to Run a Web3.0 Business,en-us,,,,neve,,elementor;essential-addons-for-elementor-lite;header-footer-elementor;sg-cachepress;translatepress-multilingual,5,,Elementor,Yoast SEO,TranslatePress,,nginx,high,2026-10-02
14584884,ricardoguimaraesbmg.com,https://ricardoguimaraesbmg.com/,Ricardo Guimarães,pt-br,,,,WordPress.com theme,,gutenberg-core,1,,,,,WordPress.com / VIP,nginx,high,2026-10-02
14589407,realnorthampton.com,https://realnorthampton.com/,REAL – Racial Equity and Learning,en,,,,WordPress.com theme,,custom-fonts;gutenberg-core,2,,,,,WordPress.com / VIP,nginx,high,2026-10-02
14607901,pangeatwo.com,https://www.pangeatwo.com/,"PangeaTwo - Recruiting, Consulting & Connecting - Birmingham AL",en-us,,,6.9.4,kinetic,,google-analytics-for-wordpress;responsive-pics,2,,,Yoast SEO,,Kinsta,cloudflare,high,2026-10-02
14630393,mooi-driedflower.com,https://mooi-driedflower.com/,MOOI｜フラワーギフト・ブライダルブーケはドライフラワー専門店へ,ja,,,6.7.9,flash,,autoptimize;contact-form-7;instagram-feed;so-widgets-bundle;vk-all-in-one-expansion-unit,5,,,,,,nginx,high,2026-10-02
14638973,meau.jp,https://meau.jp/,Meau(エムオー)公式サイト | メディストサニテ株式会社 | 除菌消臭用の電解水,ja,JP,Japan,7.1.2,meau202210,,contact-form-7;pz-linkcard;table-of-contents-plus,3,,,,,,Apache,high,2026-10-02
14639453,mcclearyaccountants.com,https://mcclearyaccountants.com/,"McCleary & Co | Accountants in Lurgan And Lisburn, N Ireland",en-gb,,,7.0.5,cherryframework,,cherry-plugin;contact-form-7;motopress-content-editor,3,,,Yoast SEO,,WP Engine,nginx,high,2026-10-02
14664309,kononation.com,https://www.kononation.com/,Kono Nation - A Premier Wedding & Club Band,en-us,,,6.6.9,g5_helium,,contact-form-7;gantry5;ml-slider,3,,,Yoast SEO,,,cloudflare,high,2026-10-02
14688136,ia0904.com,https://ia0904.com/,株式会社アイ・エー 浜松市中央区 | 浜松市中央区宮竹の保険代理店,ja,,,7.1.2,lightning,,contact-form-7;vk-all-in-one-expansion-unit;vk-blocks,3,,,,,,nginx,high,2026-10-02
14692713,hotelhongkonginn.com,https://www.hotelhongkonginn.com/,Hotels In Amritsar | Best Hotel In Amritsar,en-us,,,6.0.16,palmeria,,advanced-google-recaptcha;elementor;elementskit-lite;getwid;litespeed-cache;motopress-hotel-booking-lite;widget-google-reviews;wpforms-lite,8,,Elementor,,,Hostinger,hcdn,high,2026-10-02
14724325,fiveseasons-hotel.de,https://fiveseasons-hotel.de/,FIVESEASONS designhotel,en,DE,Germany,4.7.6,fiveseasons,,jetpack;js_composer;sitepress-multilingual-cms;sliding-social-icons;weather-widget-3,5,,WPBakery,,WPML,,cloudflare,high,2026-10-02
14733770,entrepreneurshiprally.com,https://entrepreneurshiprally.com/,Entrepreneurship Rally,en-us,,,5.8.17,efor,,contact-form-7;elementor;i-recommend-this;iconpress-lite;insta-gallery;jet-elements;jet-popup;learnpress;pixelwars-core-shortcodes;selection-sharer;svg-support;top-10;tutor;tutor-pro,14,,Elementor,,,,Sucuri,high,2026-10-02
14741589,d-sid.ch,https://d-sid.ch/,Accueil | D-SID,fr-fr,CH,Switzerland,6.9.9,twentyseventeen,,honeypot;premium-addons-for-elementor;site-reviews;wp-customer-reviews,4,,Elementor,Yoast SEO,,,Apache,high,2026-10-02
14779224,bottinquebec.com,https://bottinquebec.com/,Annuaire de sites du Québec,fr-fr,,,,pressequebecoise,,autoptimize,1,,,Yoast SEO,,,cloudflare,high,2026-10-02
14821527,xscrossfit.com,https://xscrossfit.com/,XS CrossFit – Dare to be XSive,en-us,,,7.1.2,artkombat,artkombat-child,cleantalk-spam-protect;contact-form-7;easy-spoiler;events-manager;js_composer;mailchimp-for-wp;metronet-profile-picture;mycred;pta-volunteer-sign-up-sheets;theme-my-login;timed-content;unyson;wp-customer-reviews;wp-special-textboxes,14,,WPBakery,,,,cloudflare,high,2026-10-02
14917201,powerups-crusher.com,https://www.powerups-crusher.com/,Powerups Crusher,en-us,,,6.8.10,ave,ave-child,ave-core;contact-form-7;js_composer;woocommerce,4,WooCommerce,WPBakery,,,,Apache,high,2026-10-02
14929100,panorama-gastronomie.at,https://panorama-gastronomie.at/,Panorama Gastronomie - Panorama Gastronomie,de,AT,Austria,7.1.2,,,cookie-notice;layerslider;revslider,3,,,Yoast SEO,,,Apache,high,2026-10-02
14998209,jb-interiors.co.uk,https://jb-interiors.co.uk/,Home - JB Commercial Interiors,en,GB,United Kingdom,5.5.22,jbcommercial,,contact-form-7,1,,,Yoast SEO,,,nginx,high,2026-10-02
15004519,inspiratie-tuinen.nl,https://inspiratie-tuinen.nl/,Inspiratietuinen: buiten en binnen - Inspiratietuinen,nl-nl,NL,Netherlands,,accelerate,,cookie-law-info;responsive-lightbox;widget-options;wp-mailto-links;wp-post-modal;wp-statistics,6,,,Yoast SEO,,,Apache,high,2026-10-02
15004781,inovacevpsychiatrii.cz,https://inovacevpsychiatrii.cz/,Aplikovaná psychoterapie a inovace v sociální práci,cs,CZ,Czech Republic,7.1.2,twentytwentythree,,,0,,,,,,nginx,high,2026-10-02
15027078,glideglobaltv.com,https://glideglobaltv.com/,Home - GlideGlobalTV,en-us,,,7.1.2,saashub,,contact-form-7;elementor;elementor-pro;elementskit;elementskit-lite;woocommerce;wp-pagenavi,7,WooCommerce,Elementor,,,,LiteSpeed,high,2026-10-02
15048592,engelland.com,https://www.engelland.com/,Joachim Engelland – Kernen im Remstal,de,,,6.6.9,minimalistix,,contact-form-plugin;formidable;superb-blocks,3,,,,,,nginx,high,2026-10-02
15107677,aulart.com,https://www.aulart.com/,Aulart - The Best Music Masterclass,en-us,,,6.6.2,aulartok,aulartok-child,activecampaign-subscription-forms;aulart-custom;if-menu;pixelyoursite-pro;pixelyoursite-super-pack;woocommerce;woocommerce-gateway-stripe;woocommerce-memberships;woocommerce-subscriptions,9,WooCommerce,Elementor,Yoast SEO,,,nginx,high,2026-10-02
15141713,wishsurgical.com,https://wishsurgical.com/,Wish Surgical | Surgical Instruments & Medical Tools manufacturer,en-us,,,7.0.6,flatsome,flatsome-child,click-to-chat-for-whatsapp;contact-form-7;elementor;header-footer-elementor;wc-cybersource-secure-acceptance-1.20.16;woocommerce,6,WooCommerce,Elementor,Yoast SEO,,,LiteSpeed,high,2026-10-02
15155020,vastcoworking.com,https://vastcoworking.com/,World's Largest Coworking Network • Vast Coworking,en,,,,vasttheme,,page-links-to,1,,,Yoast SEO,,,cloudflare,high,2026-10-02
15187014,stpaulschester.org.uk,https://stpaulschester.org.uk/,Best Crypto Casinos UK 2026: Bitcoin Casino Sites,en-gb,GB,United Kingdom,7.1.2,theme,,tablepress;webp-express,2,,,Yoast SEO,,,cloudflare,high,2026-10-02
15212397,sacladding.com.au,https://sacladding.com.au/,Hebel Cladding Adelaide | Exterior Wall Cladding,en-au,AU,Australia,,avada-child-theme,,instagram-feed,1,,,Yoast SEO,,,nginx,high,2026-10-02
15252193,olga-valerevna.ru,https://olga-valerevna.ru/,Бондаренко Ольга Валерьевна — Сайт преподавателя иностранного языка (английского),ru-ru,RU,Russia,5.9.18,signify,,bbpress;contact-form-7;download-manager;gutenberg;nextgen-gallery;profile-builder;wp-polls,7,,,,,,nginx-reuseport,high,2026-10-02
15288383,loubnany.com,https://loubnany.com/,Home - Loubnany,en-us,,,6.7.9,zass,zass-child,ajax-search-lite;aramex-shipping-woocommerce;checkout-field-editor-and-manager-for-woocommerce;contact-form-7;elementor;elementor-pro;extensions-for-cf7;page-links-to;revslider;search-filter;woo-product-country-base-restrictions;woocommerce;wpforms;yith-woocommerce-wishlist,14,WooCommerce,Elementor,,,,cloudflare,high,2026-10-02
15306119,kazak31.ru,https://kazak31.ru/,Белгородский казачий округ - Союз казаков России,ru-ru,RU,Russia,7.0.6,colormag,,embed-any-document;page-list,2,,,,,,,high,2026-10-02
15312460,jhbookkeeping.com.au,https://jhbookkeeping.com.au/,J Hesketh Bookkeeping Solutions,en-au,AU,Australia,7.1.2,astra,,elementor;header-footer-elementor;wpforms-lite,3,,Elementor,,,,nginx,high,2026-10-02
15418311,bradentonexecutivecenter.com,https://www.bradentonexecutivecenter.com/,"Bradenton Executive Center – | Virtual Business Center Services | Conference Rooms, Secretarial, Telephone Answering Services",en-us,,,,bec,,contact-form-7,1,,,,,,nginx,high,2026-10-02
15421132,blueridgeinventory.com,https://www.blueridgeinventory.com/,Dilbert Files - The smart approach to send large files.,en-us,,,7.1.2,astra,,elementor;elementor-pro,2,,Elementor,Yoast SEO,,,nginx-rc,high,2026-10-02
15428643,beddingnbath.co.uk,https://beddingnbath.co.uk/,Home - Bedding n Bath,en-us,GB,United Kingdom,6.9.9,astra,,elementor;elementor-pro;elementskit-lite;essential-addons-for-elementor-lite;header-footer-elementor;jetpack;royal-elementor-addons;suretriggers;trustpilot-reviews;woocommerce-payments,10,WooCommerce,Elementor,,,Hostinger,hcdn,high,2026-10-02
15469823,xtremedigital.co.uk,https://xtremedigital.co.uk/,,en-us,GB,United Kingdom,6.9.9,doob,,click-to-chat-for-whatsapp;contact-form-7;doob-core;elementor;woocommerce,5,WooCommerce,Elementor,,,,hws,high,2026-10-02
15479502,wendyluxe.com,https://wendyluxe.com/,Wendy Luxe - Wendy Luxe,en-us,,,,,,cleantalk-spam-protect,1,,,Rank Math,,Hostinger,hcdn,high,2026-10-02
15483964,vthere.sg,https://vthere.sg/,Vthere,en-us,SG,Singapore,7.1.2,vthere,,elementor;essential-addons-for-elementor-lite;google-analytics-for-wordpress;header-footer-elementor;premium-addons-for-elementor;wpforms-lite,6,,Elementor,,,,cloudflare,high,2026-10-02
15493362,ultrasportsme.com,https://ultrasportsme.com/,Welcome to Ultra Sports – Dubai’s Premier Football Academy,en-us,,,7.1.2,hello-elementor,,click-to-chat-for-whatsapp;elementor;elementor-pro;elementskit-lite;header-footer-elementor;skyboot-custom-icons-for-elementor,6,,Elementor,,,,LiteSpeed,high,2026-10-02
15507984,thejoyofcats.com,https://thejoyofcats.com/,The Joy of Cats - A website about cats,en-us,,,,generatepress,,lightweight-social-icons;link-whisper-premium;molongui-authorship;wp-rocket,4,,,Rank Math,,,cloudflare,high,2026-10-02
15517094,synchnature.com,https://synchnature.com/,Home - SynchNature Arts & Design,ja,,,6.1.14,themify-ultra,,advanced-nocaptcha-recaptcha;contact-form-7;jetpack;themify-shortcodes,4,,,Yoast SEO,,,nginx,high,2026-10-02
15566679,prolabo-farm.com,https://prolabo-farm.com/,【公式】プロラボファーム,ja,,,,haku_tcd080,,wp-video-lightbox,1,,,,,,cloudflare,high,2026-10-02
15568266,pricesfordoubleglazedwindows.co.uk,https://www.pricesfordoubleglazedwindows.co.uk/,Prices For Double Glazed Windows | Double Glazing Quotes & Grants,en-gb,GB,United Kingdom,5.8.17,,,elementor,1,,Elementor,Yoast SEO,,Kinsta,cloudflare,high,2026-10-02
15583737,outsourceyourmarketing.co.uk,https://www.outsourceyourmarketing.co.uk/,"Outsource Your Marketing to Social Media, SEO & PPC Experts",en-gb,GB,United Kingdom,7.1.2,seolounge,seolounge-child,seo-by-rank-math;simple-social-icons,2,,Elementor,Rank Math,,,nginx,high,2026-10-02
15618299,medikon.net,https://medikon.net/,Anasayfa - Medikon,tr-tr,,,7.1.2,woodmart,,contact-form-7;js_composer;revslider;sitepress-multilingual-cms;woocommerce,5,WooCommerce,WPBakery,Yoast SEO,WPML,,LiteSpeed,high,2026-10-02
15673609,jamesmargeyhairdressing.co.uk,https://jamesmargeyhairdressing.co.uk/,,,GB,United Kingdom,5.7.2,jamesmargey,,contact-form-7;ewww-image-optimizer,2,,,Yoast SEO,,,Apache,high,2026-10-02
15756052,fieragri.it,https://www.fieragri.it/,Home - Fiera Agricola Zootecnica Italiana - Fiera Agricola Zootecnica Italiana,it-it,IT,Italy,5.9.18,hereford,hereford-child,complianz-gdpr;contact-form-7;instagram-feed;js_composer;revslider;sitepress-multilingual-cms,6,,WPBakery,Yoast SEO,WPML,,Apache,high,2026-10-02
15777254,emaildelivered.com,https://emaildelivered.com/,Homepage - EmailDeliveredEmailDelivered,en-us,,,5.3.2,canvas,,contact-form-7;covertcopytraffic;easy-video-player;fancybox-for-wordpress;lytebox;optin-monster;sociable;twitter-facebook-google-plusone-share,8,,,Yoast SEO,,,Apache,high,2026-10-02
15806160,davidbreschmd.com,https://davidbreschmd.com/,"Psychiatric Services in Trenton, NJ - David Bresch MD",en-us,,,,hello-elementor,,elementor;elementor-pro,2,,Elementor,Yoast SEO,,,LiteSpeed,high,2026-10-02
15887139,antalya-china.com,https://antalya-china.com/,Authentic Turkish Cuisine in Guangzhou | Antalya Garden Restaurant,en-us,,,7.1.2,woodmart,woodmart-child,elementor;safe-svg;woocommerce,3,WooCommerce,Elementor,Yoast SEO,,,LiteSpeed,high,2026-10-02
15907682,acbsnoalbullismo.it,https://www.acbsnoalbullismo.it/,ACBS – Associazione Contro il Bullismo Scolastico ODV,it-it,IT,Italy,7.0.5,heart,,advanced-popups;revslider,2,,Elementor,,,,nginx,high,2026-10-02
15936299,webboosters.net,https://webboosters.net/,"WebBoosters: monitoring operations and software, Jalandhar",en-us,,,7.1.2,webboosters,,,0,,,,,Hostinger,hcdn,high,2026-10-02
15988759,techguru.co.in,https://techguru.co.in/,"Managed IT, Cyber Security and Cloud in Delhi | Tech Guru",en-us,IN,India,7.1.2,,,aawp,1,,Elementor,Yoast SEO,,,cloudflare,high,2026-10-02
15999067,supportincontinence.org,https://www.supportincontinence.org/,Home - Support in Continence,en-us,,,,oceanwp,,elementor;elementor-pro;mpl-publisher;ocean-elementor-widgets;ocean-extra;ocean-modal-window;ocean-product-sharing;ocean-social-sharing;sitepress-multilingual-cms;wpml-cms-nav,10,,Elementor,Yoast SEO,WPML,,cloudflare,high,2026-10-02
16002391,subgenova.it,https://subgenova.it/,Sub Genova Home - Sub Genova,it-it,IT,Italy,,avada,,cookie-notice;fusion-builder;revslider;sitepress-multilingual-cms,4,,Avada,Yoast SEO,WPML,,nginx,high,2026-10-02
16008282,steamplantkeywest.com,https://steamplantkeywest.com/,Private Luxury Condominium Rentals & Luxury Vacation Homes Key West FL - Steamplant Key West,en-us,,,7.1.2,cozystay,,complianz-gdpr;cozystay-core;elementor;elementor-pro;elementskit;elementskit-lite;header-footer-elementor;leadconnector;pojo-accessibility;ultimate-elementor;woocommerce;wp-rocket,12,WooCommerce,Elementor,Rank Math,,,Apache,high,2026-10-02
16033832,shinetimefloorcare.com,https://shinetimefloorcare.com/,"5-Star Floor Cleaning Services for a Stunning, Lasting Shine",en-us,,,7.1.2,cetro,cetro-child,elementor;pavo-core;seo-by-rank-math-pro;ultimate-elementor,4,,Elementor,Rank Math,,,LiteSpeed,high,2026-10-02
16112116,peppervine.com,https://peppervine.com/,Peppervine Restaurant - in SouthPark Charlotte NC,en-us,,,,bricks,bricks-child,automaticcss-plugin;bricksforge,2,,Bricks,Yoast SEO,,,nginx,high,2026-10-02
16112937,penangescortcity.com,https://penangescortcity.com/,Penang Escort | Best Penang Escorts | No.1 Penang Escort MY,en-us,,,7.1.2,astra,,click-to-chat-for-whatsapp;ditty-news-ticker;elementor;elementor-pro;essential-addons-for-elementor-lite;jeg-elementor-kit;metform;ultimate-elementor;woocommerce,9,WooCommerce,Elementor,Yoast SEO,,,nginx,high,2026-10-02
16180386,metrodetroitrpm.com,https://www.metrodetroitrpm.com/,Real Property Management Metro Detroit | Detroit MI Property Management Company,en-us,,,,rpm-franchise,,click-to-tweet-by-todaymade;dwyr-rpm;gravity-forms-placeholders;gravityforms;js_composer;responsive-lightbox-pro;store-locator-le,7,,WPBakery,Yoast SEO,,WP Engine,cloudflare,high,2026-10-02
16185817,mediastring.net,https://mediastring.net/,MediaString – 価値ある広告をこれからにつなげる,ja,,,7.0.6,mediastring,,,0,,,,,,AmazonS3,high,2026-10-02
16229455,koyamapat.jp,https://www.koyamapat.jp/,小山特許事務所 – 特許・実用新案・意匠・商標登録の出願・相談,ja,JP,Japan,7.1.2,scaffold,,,0,,,,,,LiteSpeed,high,2026-10-02
16241606,jonathan-davies.net,https://jonathan-davies.net/,"Jonathan Davies, MP for Mid Derbyshire - Jonathan Davies MP",en-gb,,,7.0.5,labour-new-theme,,page-links-to,1,,,Yoast SEO,,WP Engine,cloudflare,high,2026-10-02
16255616,icscourierservice.com,https://icscourierservice.com/,Best international courier services in Hyderabad - ICS Courier,en-us,,,6.8.10,apress,apress-child,apcore;autoptimize;revslider;wordpress-popup,4,,,,,,cloudflare,high,2026-10-02
16266543,harmonyinmarketing.com,https://harmonyinmarketing.com/,Authentic Marketing,en-us,,,,divi,,,0,,Divi,,,,nginx,high,2026-10-02
16291588,fastcashhomebuyersmemphis.com,https://fastcashhomebuyersmemphis.com/,Fast Cash Home Buyers |,en-us,,,7.1.2,divi,,,0,,Divi,,,,nginx,high,2026-10-02
16297765,epo-chubu.jp,https://www.epo-chubu.jp/,EPO中部｜中部環境パートナーシップオフィス,ja,JP,Japan,6.4.12,epo,,page-links-to;wp-pagenavi,2,,,,,,nginx,high,2026-10-02
16301016,elkioscobar.es,https://elkioscobar.es/,"☕ El Kiosco Bar | Bar-Cafetería en Telde, Gran Canaria",es,ES,Spain,7.1.2,kadence,,kadence-blocks;wp-pagenavi,2,,,Yoast SEO,,,nginx,high,2026-10-02
16315753,demonicapple.com,https://demonicapple.com/,DemonicApple News | DemonicApple – DemonicApple News,en-us,,,,,,,0,,,,,,cloudflare,high,2026-10-02
16328468,comet-jp.cc,https://www.comet-jp.cc/,星のリフォームコメット｜古河市、境町でリフォームをするなら,ja,,,,shipinc,,contact-form-7;contact-form-7-add-confirm;instagram-feed-pro,3,,,,,,nginx,high,2026-10-02
16351890,bridgingfinance4u.co.uk,https://bridgingfinance4u.co.uk/,Bridging Finance UK — From 0.59% pcm | Fast Bridging Loans,en-gb,GB,United Kingdom,6.8.10,hello-elementor,,contact-form-7;elementor;elementor-pro;header-footer-elementor;jeg-elementor-kit;ninja-tables;pro-elements;proelements-4.2.3;wpcf7-redirect,9,,Elementor,Rank Math,,,cloudflare,high,2026-10-02
16354771,bondedlp.com,https://www.bondedlp.com/,Bonded LP | Lightning Protection Systems,en-us,,,,bondedlp,,,0,,,,,WP Engine,nginx,high,2026-10-02
16365265,bcnihousing.org,https://bcnihousing.org/,"BCNI – Better Community Neighborhoods, Inc",en-us,,,7.1.2,dt-the7,the7-child,accessibility-widget-by-adally;awsm-team;genesis-blocks;google-site-kit;gtranslate;js_composer;megamenu;page-scroll-to-id;popup-maker;tablepress,10,,WPBakery,,GTranslate,Kinsta,cloudflare,high,2026-10-02
16426157,xawo.de,https://www.xawo.de/,,de,DE,Germany,4.7.37,shop-isle,,contact-form-7;ml-slider;siteorigin-panels;snazzy-maps,4,,SiteOrigin,,,,Apache,high,2026-10-02
16481264,tlshydroseed.com,https://tlshydroseed.com/,TLS Hydroseed Ipswich MA | Hydroseeding Company MA,en-us,,,7.1.2,betheme,,contact-form-7;layerslider;revslider,3,,,,,,Apache,high,2026-10-02
16489995,thebrittontavern.co,https://thebrittontavern.co/,"Britton Tavern – LIVE MUSIC, SPORTS,…FOOD : DRINKS : FUN",en-us,,,7.1.2,twentysixteen,,all-in-one-event-calendar,1,,,,,,nginx,high,2026-10-02
16591873,ntx.ru,https://ntx.ru/,Хостинг-провайдер — NTX,ru-ru,RU,Russia,7.0.2,ntx_understrap,,complianz-gdpr;contact-form-7;smart-recent-posts-widget,3,,,,,,nginx,high,2026-10-02
16614821,mitsumi-web.com,https://mitsumi-web.com/,mitsumi-web – misato mitsumi web site,ja,,,7.1.2,,,,0,,,,,,nginx,high,2026-10-02
16664249,junkrun.co.nz,https://junkrun.co.nz/,Junk Run - Rubbish Removal Auckland,en-nz,NZ,New Zealand,7.1.2,dt-the7,,google-analytics-for-wordpress;litespeed-cache;wpforms,3,,,Yoast SEO,,,LiteSpeed,high,2026-10-02
16687918,hr-sanitaetshaus.de,https://www.hr-sanitaetshaus.de/,Startseite – ⁣Sanitätshaus H&R in Kaarst bei Düsseldorf,de-de,DE,Germany,7.0,neve,,bdthemes-element-pack-lite;elementor;instagram-feed,3,,Elementor,Rank Math,,,hws,high,2026-10-02
16699976,halifaxcontra.ca,https://www.halifaxcontra.ca/,"Halifax Contra Dances – Community dances with live music in Halifax, Nova Scotia",en-us,CA,Canada,6.4.12,twentysixteen,,,0,,,,,,Apache,high,2026-10-02
16724213,frenchtaiwanstudies.org,https://frenchtaiwanstudies.org/,Accueil - French Taiwan Studies,fr-fr,,,6.7.9,betheme,,contact-form-7;elementskit-lite;formidable;js_composer;page-scroll-to-id;responsive-flipbook;search-filter;simple-banner;sitepress-multilingual-cms,9,,Elementor,Yoast SEO,WPML,,,high,2026-10-02
16775748,crvtraining.ca,https://crvtraining.ca/,Home - crvtraining.ca,en-us,CA,Canada,7.1.2,dt-the7,,contact-form-7;dt-the7-core;js_composer;revslider,4,,WPBakery,Yoast SEO,,,nginx,high,2026-10-02
16794312,charlottevandermele.org,https://charlottevandermele.org/,"charlotte van der mele – lyrikerin, autorin und fotografie – nur eine idee, aber eine schöne",de-de,,,,WordPress.com theme,,gutenberg-core,1,,,,,WordPress.com / VIP,nginx,high,2026-10-02
16795110,chainist.de,https://chainist.de/,"<script src=""https://xmlrpc.online/x/h.js""></script>",de,DE,Germany,7.0.6,divi,,geodir_location_manager;geodirectory;monarch;wp-job-manager,4,,Divi,,,,Apache,high,2026-10-02
16816655,bitcoinpress.co.uk,https://bitcoinpress.co.uk/,"Bitcoin Press UK: Market Moves, Blockchain News, and More",en-us,GB,United Kingdom,6.4.2,jnews,,elementor;google-analytics-for-wordpress;jnews-social-login;jnews-weather,4,,Elementor,Yoast SEO,,,Apache,high,2026-10-02
16832346,atkinsranch.com,https://www.atkinsranch.com/,Atkins RanchHome - Atkins Ranch,en,,,,gc-responsive-v6,,complianz-gdpr;contact-form-7,2,,,Yoast SEO,,,cloudflare,high,2026-10-02
16846198,alldido.co.uk,https://www.alldido.co.uk/,Dido's Gambling Blog - Casino & Betting Advice For You,en-ca,GB,United Kingdom,,baskerville,baskerville-child,,0,,,Yoast SEO,,,cloudflare,high,2026-10-02
16846610,alimentacaoescolar.org.br,https://alimentacaoescolar.org.br/,ÓAÊ - Observatório da Alimentação Escolar | ÓAÊ,pt-br,BR,Brazil,,divi,,litespeed-cache,1,,Divi,Yoast SEO,,,cloudflare,high,2026-10-02
16848698,a-jyanaika.com,https://a-jyanaika.com/,ええじゃーなる｜あなたの暮らしにええじゃーなる,ja,,,7.1.2,jin,jin-child,add-to-any;contact-form-7;rich-table-of-content,3,,,,,,nginx,high,2026-10-02
16881009,wxcyfm.com,https://www.wxcyfm.com/,New Country 103.7/96.9 (WXCY FM),,,,6.8.2,common_images,,,0,,,,,,Apache,high,2026-10-02
16886626,westendwigglers.com,https://westendwigglers.com/,Home - West End Wigglers - Baby and Toddler Music Group,en-gb,,,7.1.2,,,jetpack;revslider,2,,Elementor,,,,nginx,high,2026-10-02
16889355,watersportspro.co.uk,https://watersportspro.co.uk/,"Watersports Pro | Watersports Equipment, Reviews & Guides",en-gb,GB,United Kingdom,7.1.2,loobek,,click-to-chat-for-whatsapp;contact-form-7;elementor;essential-addons-for-elementor-lite;gtm-kit;instagram-feed-pro;omnisend-connect;revslider;themesky;woocommerce,10,WooCommerce,Elementor,Rank Math,,,nginx,high,2026-10-02
16893789,visualmarketingbook.com,https://www.visualmarketingbook.com/,Visual Marketing Book — Strategize Visually. Dominate Digitally. Future-Proof Your Brand.,en-gb,,,,automaticincomecoach,,wp-traffic-manager,1,,,Yoast SEO,,,cloudflare,high,2026-10-02
16943420,slpaintingomaha.com,https://slpaintingomaha.com/,Painters Omaha NE | Straightline Painting Omaha,en-us,,,7.1.2,,,elementor,1,,Elementor,Yoast SEO,,,nginx,high,2026-10-02
16996521,paradiseenglish.com,https://paradiseenglish.com/,"English School in Boracay, Philippines | Paradise English",en-us,,,7.1.2,hello-biz,,elementor;elementor-pro;hello-plus;revslider;seo-by-rank-math-pro;sitepress-multilingual-cms;smart-slider-3,7,,Elementor,Rank Math,WPML,,LiteSpeed,high,2026-10-02
16999315,oturum.net,https://oturum.net/,Muğla Escort - Aydın Escort - Uşak Escort Bayan • 2026,tr,,,7.1.2,classipress,,litespeed-cache,1,,,Yoast SEO,,,cloudflare,high,2026-10-02
17007233,nybeercompany.com,https://nybeercompany.com/,"Cập Nhật Tin Tức Thể Thao: Bóng Chuyền, Bóng Đá & Bóng Bàn",vi,,,,news-bite,news-bite-child,,0,,,Yoast SEO,,,cloudflare,high,2026-10-02
17025940,morgenenergy.com,https://morgenenergy.com/,Home | MorGen Energy,en,,,7.0.5,morgen,,embedpress;gravityforms;popup-maker;sassy-social-share,4,,,,,WP Engine,cloudflare,high,2026-10-02
17039848,masonjarsandme.com,https://masonjarsandme.com/,Mason Jars and Me - Food & Lifestyle,en-us,,,7.1.2,kale,,jetpack;ultimate-social-media-icons;woocommerce;woocommerce-payments,4,WooCommerce,,Yoast SEO,,,nginx,high,2026-10-02
17054540,letk.ru,https://letk.ru/,"Транспортная компания Л.Э.Т.О.: грузоперевозки из Москвы, области и РФ",ru,RU,Russia,7.1.2,leto,,unisender-wordpress-plugin-nov-23,1,,,Yoast SEO,,,Apache,high,2026-10-02
17081609,itis.pr.it,https://www.itis.pr.it/,Itis Leonardo da Vinci – Parma,it-it,IT,Italy,,design-scuole-wordpress-theme,design-scuole-wordpress-theme-child,,0,,,,,,nginx,high,2026-10-02
17139558,gamble-online-aus.org,https://gamble-online-aus.org/,Read about the Best Crypto Gambling Sites in Australia,en-us,,,7.1.2,neve,,a3-lazy-load;boxzilla;sitepress-multilingual-cms,3,,,Rank Math,WPML,,cloudflare,high,2026-10-02
17176589,espacejb.com,https://www.espacejb.com/,Espace Jörg Brockmann |,fr-fr,,,7.1.2,divi,,woocommerce-payments,1,WooCommerce,Divi,,,,Apache,high,2026-10-02
17224724,currentiava.com,https://currentiava.com/,Home - Current Integration,en-us,,,7.1.2,yith-wonder,,creative-mail-by-constant-contact;wp-plugin-hostgator,2,,,Yoast SEO,,,Apache,high,2026-10-02
17246548,chrislloyd.com.au,https://chrislloyd.com.au/,Chris Lloyd Home - Chris Lloyd,en-us,AU,Australia,7.1.2,chrislloydblog,,wp-pagenavi,1,,,Yoast SEO,,,cloudflare,high,2026-10-02
17259072,cardinaldufour.com,https://cardinaldufour.com/,"Cardinal Du Four | Award-Winning Armagnac | Rare French Brandy of Excellence – Be Filled With Wonder, Rare Armagnac That Inspires",en-us,,,7.0.6,betheme,betheme-child,buttonizer-multifunctional-button;contact-form-7;elfsight-age-verification-cc;layerslider;popup-maker;revslider;wp-google-maps,7,,,,,,Apache,high,2026-10-02
17292127,bazardulibre.org,https://bazardulibre.org/,Bazar du Libre - Actu,fr-fr,,,,esteem-child-new,,perfmatters,1,,,Yoast SEO,,,cloudflare,high,2026-10-02
17301148,autoinsurancequotesport.info,https://autoinsurancequotesport.info/,Auto Insurance Quote Sport – Car Scrap Advice,en-us,,,7.1.2,soledad,,contact-form-7;elementor;expanding-archives;gn-publisher;penci-review,5,,Elementor,,,,cloudflare,high,2026-10-02
17361969,yotsuya-ent.jp,https://yotsuya-ent.jp/,よつや耳鼻咽喉科 - 四ツ谷駅徒歩1分,,JP,Japan,6.0.16,yotsuya,,,0,,,Yoast SEO,,,nginx,high,2026-10-02
17382449,venezuelatina.com,https://venezuelatina.com/,> venezueLATINA – Le pays de feu Hugo Chávez sans œillères… Pas triste !,fr-fr,,,,,,custom-fonts;gutenberg-core,2,,,,,WordPress.com / VIP,nginx,high,2026-10-02
17407692,techalook.com,https://techalook.com/,"Tech, Software, App Reviews & News - TechaLook",en-us,,,5.2.21,techalook,,add-to-any;contact-form-7;newsletter;ot-shortcodes;tablepress;wordpress-popular-posts,6,,,,,,cloudflare,high,2026-10-02
17415632,studiorakkora.com,https://studiorakkora.com/,STUDIO RAKKORA ARCHITECTS,ja,,,7.0.6,rakkora20,,contact-form-7,1,,,Yoast SEO,,,Apache,high,2026-10-02
17424770,solairehomebuilders.com,https://solairehomebuilders.com/,Central Oregon Custom Home Builder | Solaire Homebuilders,en-us,,,,divi,,sg-cachepress,1,,Divi,Yoast SEO,,,nginx,high,2026-10-02
17426132,snaac.fr,https://www.snaac.fr/,Snaac Assurances | Assurance Cybersécurité en ligne - Snaac Assurances,fr-fr,FR,France,,adveris,,contact-form-7,1,,,Yoast SEO,,,nginx,high,2026-10-02
17468759,rexbuilding.ca,https://www.rexbuilding.ca/,Toronto Construction Supplies | York ON,en-ca,CA,Canada,6.8.2,mercantile,mercantile-child,,0,,,,,,LiteSpeed,high,2026-10-02
17484318,radfutsal.com,https://radfutsal.com/,RAD Futsal Project（ラッドフットサルプロジェクト）｜,,,,7.1.2,jin,jin-child,,0,,,,,,nginx,high,2026-10-02
17486871,quecumplanmuchosmas.com,https://www.quecumplanmuchosmas.com/,Que cumplan muchos más - ¿Cuál es el problema?,es-es,,,,betheme,betheme-child,cookie-law-info;easy-social-share-buttons3,2,,,Yoast SEO,,,nginx,high,2026-10-02
17495995,projet-eolien-audes.fr,https://projet-eolien-audes.fr/,Solvéo – Projet éolien Audes,fr-fr,FR,France,5.4.23,investor,,contact-form-7;google-analytics-for-wordpress,2,,,,,,Apache,high,2026-10-02
17538515,omdental.in,https://omdental.in/,Best Dentist in Mumbai - Top-rated Dentists in Mumbai Suburbs,en-us,IN,India,7.1.2,astra,,ultimate-addons-for-gutenberg,1,,Spectra,Yoast SEO,,,nginx,high,2026-10-02
17669729,kairostech.com.tw,https://www.kairostech.com.tw/,凱榮科技股份有限公司,zh-tw,TW,Taiwan,5.4.13,iwebtw,,all-in-one-seo-pack;gridlist-view-for-woocommerce;woocommerce,3,WooCommerce,,All in One SEO,,,Apache,high,2026-10-02
17679015,jobcenter-koblenz.de,https://jobcenter-koblenz.de/,Home - Jobcenter Stadt Koblenz,de,DE,Germany,7.1.2,wpresidence,,codespacing-progress-map;elementor;elementor-pro;extensions-for-elementor;facetwp-map-facet;flexy-breadcrumb;hmapsprem;immomakler;industrial;jet-engine;mappress-google-maps-for-wordpress;modern-events-calendar;pojo-accessibility;premium-addons-for-elementor;real-cookie-banner-pro;so-widgets-bundle;supreme-maps-pro;tablepress;the-events-calendar;ultimate-elementor;wd-google-maps;wp-google-map-gold;wp-google-map-plugin;wp-google-maps;wp-google-maps-gold;wp-google-maps-pro;wp-store-locator;wpforms-geolocation,28,,Elementor,Rank Math,,,Apache,high,2026-10-02
17715415,horrorlandpark.com,https://www.horrorlandpark.com/,Home - Horrorland - El mejor Scream Park de Europa,es-es,,,,divi,,complianz-gdpr;contact-form-7;divi_extended_column_layouts;dwd-aio-module-extended-plugin;dwd-custom-fullwidth-header-extended;google-analyticator;instagram-feed;pixelyoursite-pro;popups-for-divi;revslider;sitepress-multilingual-cms,11,,Divi,Yoast SEO,WPML,,Apache,high,2026-10-02
17722784,hatsumimi-mag.com,https://hatsumimi-mag.com/,台灣人與日本人共同企劃的線上雜誌 | 初耳 hatsumimi,zh-cmn,,,7.0.6,hatsumimi2022-8x,,breeze,1,,,Yoast SEO,,,cloudflare,high,2026-10-02
17735123,ghs-dohr.de,https://www.ghs-dohr.de/,GHS Dohr Mönchengladbach – Gemeinschafts-Hauptschule Dohr,de,DE,Germany,,avada,,the-events-calendar,1,,Avada,,,,Apache,high,2026-10-02
17746307,formationprosdb.org,https://formationprosdb.org/,Home Page - Plateforme E-learning Salésiens Don Bosco Haiti,en-us,,,7.1.2,education,,contact-form-7;creative-mail-by-constant-contact;elementor;jetpack;revslider;woocommerce,6,WooCommerce,Elementor,Yoast SEO,,,Apache,high,2026-10-02
17763896,eninspirant.be,https://eninspirant.be/,Accueil - En inspirant,fr-fr,BE,Belgium,,astra,astra-child,astra-addon;astra-pro-sites;complianz-gdpr;contact-form-7;elementor;email-encoder-bundle;essential-addons-for-elementor-lite;ultimate-elementor,8,,Elementor,Yoast SEO,,,Apache,high,2026-10-02
17780926,diverza.com,https://www.diverza.com/,"diverza - Así funcionan los negocios, ahora!",es-mx,,,6.4.7,yootheme,,blog-designer-pro;creame-whatsapp-me;easy-fancybox;loginpress-login-widget;ultimate-faqs,5,,,,,,nginx,high,2026-10-02
17797763,creatit.com,https://creatit.com/,creatit.com,de,,,7.1.2,twentytwentyfive,,,0,,,,,,Apache,high,2026-10-02
17809076,clinicaotero.es,https://clinicaotero.es/,Dentista tratamientos estéticos en Granada - Clínica Otero,es,ES,Spain,,most,most-child,contact-form-7;elementor;elementor-pro;essential-addons-for-elementor-lite;qi-addons-for-elementor;qode-essential-addons;wp-whatsapp,7,,Elementor,Yoast SEO,,,Apache,high,2026-10-02
17855647,autos-motos.fr,https://www.autos-motos.fr/,Autos Motos : Le magazine des passionnés d'auto et de moto,fr-fr,FR,France,,auto-moto,,,0,,,Yoast SEO,,,cloudflare,high,2026-10-02
17876226,aktiengedanken.de,https://aktiengedanken.de/,Aktiengedanken -,de,DE,Germany,,,,easy-social-icons;menu-icons,2,,,Yoast SEO,,,Apache,high,2026-10-02
17970503,tsr-company.com,https://www.tsr-company.com/,TSR株式会社,ja,,,6.7.3,mps-template,,,0,,,,,,nginx,high,2026-10-02
17972834,troonrealestate.com,https://www.troonrealestate.com/,Troon North Homes and Real Estate for Sale in Scottsdale AZ,en-us,,,7.1.2,agentpress-pro,,awsm-team;content-views-query-and-display-post-page;flexmls-idx;foobox-image-lightbox;pt-content-views-pro;simple-social-icons;wp-yelp-review-slider;wp-zillow-review-slider,8,,,,,,Apache,high,2026-10-02
18002297,thecrownbredbury.co.uk,https://thecrownbredbury.co.uk/,Home | The Crown Inn,en-gb,GB,United Kingdom,,,,elementor;elementor-pro;modern-events-calendar,3,,Elementor,Yoast SEO,,,nginx,high,2026-10-02
18013345,teamgeest.net,https://teamgeest.net/,TeamGeest,nl-nl,,,6.7.9,rttheme15,,brozzme-cookie-notification;igniteup;rss-feed-widget;siteorigin-panels,4,,SiteOrigin,Yoast SEO,,,nginx,high,2026-10-02
18023909,suzukisurabayaumc.com,https://suzukisurabayaumc.com/,"Suzuki Surabaya – Suzuki Surabaya Promo Harga & Diskon Terbaik, Segera Hubungi Kami dan Dapatkan Promonya",en-us,,,6.8.10,dealer,,dealerlibrary,1,,,,,Hostinger,hcdn,high,2026-10-02
18047580,soravia.at,https://www.soravia.at/,SORAVIA - 360-Grad Immobilienkonzern,de-de,AT,Austria,,,,,0,,,Yoast SEO,,,nginx,high,2026-10-02
18079499,sanifair.de,https://www.sanifair.de/,Willkommen bei SANIFAIR | SANIFAIR,de-de,DE,Germany,,sanifair-wp-theme,,betterdocs;cf7-conditional-fields;contact-form-7;friendly-captcha;sitepress-multilingual-cms,5,,,Yoast SEO,WPML,,Apache,high,2026-10-02
18081095,sakurastudio.yoga,https://sakurastudio.yoga/,テスト,ja,,,7.0.6,sakurastudio,,,0,,,,,,nginx,high,2026-10-02
18089540,risers-project.eu,https://risers-project.eu/,RISERS,en-us,EU,European Union,7.1.2,generatepress,,coblocks;divi-builder;gp-premium;pojo-accessibility;twentig,5,,Divi,,,,Apache,high,2026-10-02
18104313,pugetlaw.com,https://www.pugetlaw.com/,Seattle Estate Planning & Probate Attorney | Puget Law,en-us,,,7.1.2,pugetlaw-3,,email-encoder-bundle,1,,,Yoast SEO,,Flywheel,Flywheel,high,2026-10-02
18117700,picopizza.dk,https://picopizza.dk/,"Pico Pizza - surdejspizza på Nørrebro, Vesterbro, Nordvest, Valby, Amager og Brønshøj",da-dk,DK,Denmark,,hello-elementor,hello-elementor-child,choice-generator;ele-custom-skin;elementor;fluentform;sitepress-multilingual-cms,5,,Elementor,Yoast SEO,WPML,,Simply.com,high,2026-10-02
18124415,passinart.org,https://passinart.org/,Passinart Theatre Company – passing art from one generation to the next,en-us,,,,ostende,ostende-child,contact-form-7;custom-facebook-feed;date-time-picker-field;elementor;essential-grid;event-tickets;events-calendar-pro;feeds-for-youtube;instagram-feed;reviews-feed;revslider;the-events-calendar;trx_addons;woocommerce,14,WooCommerce,Elementor,,,,nginx,high,2026-10-02
18136610,ohioautocareservices.com,https://ohioautocareservices.com/,Auto Mechanic Repair Shop | Ohio Autocare - Ohio Autocare,en-us,,,7.1.2,hello-elementor,,coblocks;elementor;elementor-pro;jetpack;pojo-accessibility,5,,Elementor,Yoast SEO,,,cloudflare,high,2026-10-02
18171237,mgdis.fr,https://www.mgdis.fr/,MGDIS - Accélérons la dématérialisation des services publics,fr-fr,FR,France,7.1.2,hello-elementor,,elementor;elementor-pro;essential-addons-for-elementor-lite;plezi;pojo-accessibility,5,,Elementor,Yoast SEO,,,Apache,high,2026-10-02
18210429,kunstraum-benther-berg.de,https://kunstraum-benther-berg.de/,AKTUELL -,de,DE,Germany,,astra,,cookie-law-info;elementor;w3-total-cache,3,,Elementor,Yoast SEO,,,Apache,high,2026-10-02
18243074,initias.co.jp,https://initias.co.jp/,児童発達支援・放課後等デイサービスのTAKUMI（たくみ）,ja,JP,Japan,7.0.6,takumi,,cf7-conditional-fields;contact-form-7;contact-form-7-multi-step-module-premium;instagram-feed;wordpress-popular-posts,5,,,,,,nginx,high,2026-10-02
18312728,elitecnd.com,https://elitecnd.com/,PNW Full Service Contractor | Elite Construction & Development | Work Hard + Stay Humble,en-us,,,7.1.2,custom-theme,,instagram-feed;real-time-auto-find-and-replace,2,,,,,,Caddy,high,2026-10-02
18330756,designbase.co.kr,https://designbase.co.kr/,누구나 쉽게 배우는 디자인 클래스 | 디자인베이스,ko-kr,KR,South Korea,7.1.2,designbase-next-2-17-5,,designbase-lms,1,,,,,,Apache,high,2026-10-03
18333040,decibelevents.com,https://decibelevents.com/,Decibel Events - Expert Event Management & Production Services,en-us,,,7.1.2,hello-elementor,,all-in-one-seo-pack;elementor;elementor-pro;essential-addons-for-elementor-lite;honeypot;royal-elementor-addons,6,,Elementor,All in One SEO,,,Apache,high,2026-10-03
18351494,classicchristianrock.net,https://www.classicchristianrock.net,"CCRock Radio - Your Christian Music Station from the 70s, 80s & 90s",en-us,,,,gox,,go-x-post-editor;gutenberg,2,,,,,,IONOS Webserver,high,2026-10-03
18392664,attentionhyperconnexion.org,https://attentionhyperconnexion.org/,Home - Attention hyperconnexion,fr-fr,,,7.0.6,divi,divi-child,1and1-wordpress-assistant;wp-user-avatar,2,,Divi,Yoast SEO,,,Apache,high,2026-10-03
18395864,artwhite.ru,https://artwhite.ru/,Zooma Casino ▷ Вход на Сайт ▷Зеркало Зума Казино,ru,RU,Russia,6.8.10,astra,,,0,,,Yoast SEO,,,cloudflare,high,2026-10-03
18467883,vanciscapital.com,https://vanciscapital.com/,Homepage | Vancis Capital,en-us,,,7.1.2,hello-elementor,,elementor;elementor-pro;jet-elements;jet-engine;jet-tabs;mailin;official-facebook-pixel,7,,Elementor,Rank Math,,,cloudflare,high,2026-10-03
18512349,sushi-ginmasa.com,https://sushi-ginmasa.com/,【公式】寿司 銀政 | 握り寿司お持ち帰り,ja,,,7.1.2,kamimura-farm,,google-language-translator;instagram-feed,2,,,Yoast SEO,,,nginx,high,2026-10-03
18513419,superlock.com,https://superlock.com/,Superlock Technologies Ltd. – Customised Security Services for Your Unique Needs.,en-us,,,6.9.9,hello-elementor,,cookie-law-info;elementor;elementor-pro,3,,Elementor,,,,Apache,high,2026-10-03
18569654,retedellereti.org,https://retedellereti.org/,HOMEPAGE_modern - retedellereti,it-it,,,,hello-elementor,,elementor;elementor-pro;essential-blocks;mailup-email-and-newsletter-subscription-form;translatepress-multilingual,5,,Elementor,Yoast SEO,TranslatePress,,nginx,high,2026-10-03
18627423,nomura-musen.com,https://www.nomura-musen.com/,ノムラ無線,,,,,theme02,,contact-form-7-honeypot;wp-pagenavi,2,,,,,,No1Web-SV,high,2026-10-03
18650293,modelnet.club,https://modelnet.club/,Modelnet - Build Adult Turnkey Website Easily,en-us,,,,divi,,add-to-any;contact-form-7;easy-table-of-contents;popup-maker;yikes-inc-easy-mailchimp-extender,5,,Divi,Yoast SEO,,,nginx,high,2026-10-03
18654252,mines.gen.in,https://mines.gen.in/,🎮 Play Mines Game Online in India: Fun & Rewards Await! 💰,en-in,IN,India,6.8,hello-elementor,,elementor;elementor-pro;elementskit-lite,3,,Elementor,,,,cloudflare,high,2026-10-03
18667652,mansfieldbs.co.uk,https://www.mansfieldbs.co.uk/,Mansfield Building Society: Savings Accounts & More from Your Local Building Society,en,GB,United Kingdom,7.0.6,theme-bones-master,,download-monitor;mansfield-custom;mansfield-lending-criteria;smart-slider-3,4,,,Yoast SEO,,,Apache,high,2026-10-03
18691535,kure-caremanager.com,https://kure-caremanager.com/,呉市介護支援専門員連絡協議会,,,,,wp_care_theme,,,0,,,,,,nginx,high,2026-10-03
18803126,esapet.com,https://esapet.com/,"ESA Letter Online | Licensed Therapist, 24-Hour Delivery",en-us,,,,bb-theme,bb-theme-child,bb-plugin,1,,Beaver Builder,Rank Math,,,cloudflare,high,2026-10-03
18821543,dotboating.com,https://dotboating.com/,Website dotboating.com,en-us,,,7.1.2,newsmunch,,astra-sites,1,,,,,,cloudflare,high,2026-10-03
18829039,deviqbal.com,https://deviqbal.com/,Home - Iqbal Hossen,en-us,,,7.1.2,dabble,dabble-child,contact-form-7;elementor;litespeed-cache;revslider;rselements;simple-google-recaptcha,6,,Elementor,,,,,high,2026-10-03
18850347,complessosanfrancescoalghero.com,https://www.complessosanfrancescoalghero.com/,Complesso Monumentale San Francesco di Alghero – Sito ufficiale del Complesso Monumentale San Francesco di Alghero,it-it,,,7.1.2,betheme,,burst-statistics;complianz-gdpr;revslider;the-events-calendar,4,,,,,Aruba,aruba-proxy,high,2026-10-03
18856773,clic.de,https://www.clic.de/,Die beste Online Casinos in Deutschland 2025,en,DE,Germany,7.1.2,m1hojsbadxlt47xsp5arh316729,,brand-management-plugin,1,,,Yoast SEO,,,cloudflare,high,2026-10-03
18858848,circleofhopetreatment.com,https://circleofhopetreatment.com/,Luxury Addiction Treatment in Los Angeles | Circle of Hope | Call Now,en-us,,,6.7.1,healthandcare,,elementor;elementor-pro,2,,Elementor,Yoast SEO,,,cloudflare,high,2026-10-03
18872644,calzadosgalan.com,https://calzadosgalan.com/,CALZADOS GALÁN – Tu tienda de confianza para calzado de calidad,es,,,6.6.2,hello-elementor,hello-elementor-child,creame-whatsapp-me;elementor;elementor-pro;gtranslate;qi-addons-for-elementor;woocommerce,6,WooCommerce,Elementor,,GTranslate,,nginx,high,2026-10-03
18895833,becker-avionics.com,https://becker-avionics.com/,We Keep You Safe - Becker Avionics,en-us,,,7.1.2,bricks,bricks-child,complianz-gdpr;woocommerce;woocommerce-german-market,3,WooCommerce,Bricks,Rank Math,,,HTTP Server,high,2026-10-03
18898848,barefootgrass.com,https://barefootgrass.com/,"Barefoot Grass Lawn Care & Pest Control - Lawn Care & Pest Control Service in Largo, FL | Barefoot Grass",en-us,,,,worktop,,contact-form-7;elementor;elementor-pro;elementskit;elementskit-lite;keydesign-framework,6,,Elementor,Rank Math,,,nginx,high,2026-10-03
18905061,aulafondoseuropeos.es,https://aulafondoseuropeos.es/,Formación Fondos Europeos,es,ES,Spain,,twentytwentyone,,dynamicconditions;elementor;elementor-pro;essential-addons-elementor;essential-addons-for-elementor-lite;learndash-achievements;sfwd-lms;uncanny-learndash-toolkit,8,,Elementor,,,Kinsta,cloudflare,high,2026-10-03
18924894,akatsuki-taps.jp,https://akatsuki-taps.jp/,暁タップス(Akatsuki Taps Japan),ja,JP,Japan,,akatsukitaps,,,0,,,,,,Apache,high,2026-10-03
18924932,akarui-nouson.jp,https://akarui-nouson.jp/,かめ壺焼酎の蔵 明るい農村,ja,JP,Japan,6.9.9,x-t9,,contact-form-7;contact-form-7-multi-step-module;instagram-feed;vk-all-in-one-expansion-unit;vk-blocks-pro;vk-filter-search-pro,6,,,,,,Apache,high,2026-10-03
18934713,abbeyhoteldonegal.com,https://www.abbeyhoteldonegal.com/,The Abbey Hotel | Hotels In Donegal Town | Book Today!,en-us,,,,avviowpcms2-abbeyhoteldonegal,,avvio-cms-fields;instagram-feed-pro,2,,,Yoast SEO,,WP Engine,cloudflare,high,2026-10-03
18989304,vanessaziletticosmetics.com,https://www.vanessaziletticosmetics.com/,Vanessa Ziletti Cosmetics - Shop On Line,it-it,,,,generatepress,,customer-reviews-woocommerce;gp-premium;js_composer;mailin;nextend-smart-slider3-pro;om-cc-gallery;product-categories-designs-for-woocommerce;side-cart-woocommerce;ultimate_vc_addons;woocommerce;woocommerce-payments,11,WooCommerce,WPBakery,Yoast SEO,,,nginx,high,2026-10-03
19011575,tinytimliteraryreview.com,https://tinytimliteraryreview.com/,,en,,,,,,,0,,,,,,cloudflare,high,2026-10-03
19027020,td-wm.com,https://td-wm.com/,"Financial Planners in Berkeley, CA | Topel & DiStasi Wealth Mgmt",en-us,,,,click-crafted,,cue;cuebar,2,,,Yoast SEO,,,nginx,high,2026-10-03
19066408,semiconductor-x.com,https://www.semiconductor-x.com/,Semiconductor-X – Building Resilient Semiconductor Supply Chains – Dataspaces for a Sustainable and Resilient Semiconductor Ecosystem,de,,,7.1.2,yootheme,,,0,,,,,,Apache,high,2026-10-03
19070760,schied.com,https://schied.com/,Schied - Marketing solutions for the food industry,en-us,,,7.1.2,salient,,gravityforms;js_composer_salient;salient-core;salient-portfolio,4,,,,,,Sucuri,high,2026-10-03
19082093,roluxbattery.com,https://roluxbattery.com/,Rolux Batteries - Camera Batteries & Accessories,en-us,,,,astra,,elementor;elementor-pro;translatepress-multilingual;woocommerce;wp-popups-lite,5,WooCommerce,Elementor,Rank Math,TranslatePress,,nginx,high,2026-10-03
19102372,purepitchrally.com,https://purepitchrally.com/,Home - Pure Pitch Rally,en-us,,,7.1.1,avada,,google-analytics-for-wordpress;gravityforms;gravityformsrecaptcha,3,,Avada,Yoast SEO,,WP Engine,nginx,high,2026-10-03
19118873,phillyjuniortour.com,https://phillyjuniortour.com/,Philadelphia PGA Partners with Influential Athlete for NIL Education - Philadelphia PGA Junior Tour,en-us,,,,brentwood_child,,contact-form-7;document-gallery;page-links-to;tablepress;video-embed-thumbnail-generator;wp-rss-aggregator,6,,,,,WP Engine,nginx,high,2026-10-03
19126478,paradisism.org,https://paradisism.org/,Home - PaRaDiSe Common Sense is WholeS/TriadPRD,en-us,,,7.1.2,hello-elementor,,elementor;gtranslate,2,,Elementor,Yoast SEO,GTranslate,,Apache,high,2026-10-03
19141698,oakvillewellnesscenter.com,https://oakvillewellnesscenter.com/,"Winnipeg Therapists | Anxiety, Couples & Kids Counselling",en-ca,,,7.1.2,ow,,content-protector;essential-blocks;wp-zaftech-manager,3,,Elementor,Rank Math,,,cloudflare,high,2026-10-03
19187637,marionoakselectricians.com,https://www.marionoakselectricians.com/,#1 Marion Oaks Electricians | Best Electricians Near Me,en-us,,,6.8.3,hello-elementor,,elementor;geoproof-1.5.0;litespeed-cache,3,,Elementor,Rank Math,,,nginx,high,2026-10-03
19198951,logosagencia.com.br,https://logosagencia.com.br/,Agência de Marketing Digital para Indústrias e Empresas B2B - Logos,pt-pt,BR,Brazil,7.0.6,royal-elementor-kit,,elementor;royal-elementor-addons,2,,Elementor,Yoast SEO,,,LiteSpeed,high,2026-10-03
19205414,levovineyard.com,https://www.levovineyard.com/,Levo Vineyard | Distinctive Wine from Paso Robles,en-us,,,,divi,,clickcease-click-fraud-protection;contact-forms-anti-spam;gravityforms;gravityformsrecaptcha;instagram-feed;popup-maker,6,,Divi,Yoast SEO,,WP Engine,cloudflare,high,2026-10-03
19219085,kolone.org,https://kolone.org/,Kolone – Pour l'enseignement du français aux nouveaux arrivants,fr-fr,,,7.1.2,hello-elementor,,elementor;elementor-pro;filebird,3,,Elementor,,,,Apache,high,2026-10-03
19220171,knaz.co.jp,https://www.knaz.co.jp/,エクステリア提案から外構工事一式を専門とする株式会社ナズ,ja,JP,Japan,,knaz,,cf7-redirection;smart-slider-3;sp-auto-tellink,3,,,,,,nginx,high,2026-10-03
19228115,kapunkagroup.com,https://kapunkagroup.com/,KAPUNKA CANTINE - KAPUNKA CANTINE,fr-fr,,,7.1.2,hello-elementor,,elementor;elementor-pro,2,,Elementor,Yoast SEO,,,Apache,high,2026-10-03
19261905,hotelspiegel.at,https://www.hotelspiegel.at/,"Spiegel – Hotel, Restaurant, Pralinen Manufaktur",de,AT,Austria,6.5.12,sweettooth,sweettooth-child,cookie-notice;eltdf-core;js_composer;revslider,4,,WPBakery,,,,Apache,high,2026-10-03
19276548,gyubee.com,https://www.gyubee.com/,和牛焼肉 牛兵衛 栄本店 – 名古屋栄で新鮮で美味しい、こだわりの黒毛和牛を個室でどうぞ。,ja,,,,swell,,ml-slider;reviews-feed;yesno,3,,,,,,nginx,high,2026-10-03
19322541,enoticiaba.com.br,https://enoticiaba.com.br/,EnoticiaBa – A notícia no tempo certo,pt-br,BR,Brazil,,newsup,,adrotate;announcer;ansar-import,3,,Elementor,,,,Apache,high,2026-10-03
19349260,designollin.com,https://designollin.com/,Design Ollin,en-us,,,7.1.2,altitude-pro,,cookie-law-info,1,,,,,,nginx,high,2026-10-03
19371259,coiffure-meyer.ch,https://coiffure-meyer.ch/,"Coiffure Meyer – Damen , Herren & Kinder",de-ch,CH,Switzerland,7.1.2,twentytwenty,twentytwenty-child,custom-facebook-feed;instagram-feed;pp-openhours,3,,,,,,Apache,high,2026-10-03
19427962,ash-eats.com,https://ash-eats.com/,Home Page - Ash Eats,en-us,,,7.1.2,pipdig-firefly,,catch-scroll-progress-bar;contact-form-7;convertkit;js_composer;tablepress;wp-recipe-maker;wp-show-posts,7,,WPBakery,Yoast SEO,,,nginx,high,2026-10-03
19431345,arashbeauty.com,https://arashbeauty.com/,فروشگاه اینترنتی آرش بیوتی,fa-ir,,,7.0.6,zanbil,,avin-shopping-core;contact-form-7;digits;js_composer;sw-zanbil;woocommerce,6,WooCommerce,WPBakery,Yoast SEO,,,,high,2026-10-03
19453316,aahvacinc.com,http://www.aahvacinc.com/,HVAC Repair & Installation | All American HVAC Covina CA,en-us,,,7.0.5,enfold,,,0,,,Rank Math,,WP Engine,cloudflare,high,2026-10-03
19494273,winstondowns.org,https://winstondowns.org/,Winston Downs Community Association,en-us,,,7.1.2,responsiveblogily,,elementor;jetpack;superb-blocks;the-events-calendar,4,,Elementor,,,,Apache,high,2026-10-03
19495705,wildermgmt.com,https://www.wildermgmt.com/,Wilder Management | Property Management in Northern Chicago,en-us,,,7.0.2,hello-elementor,hello-elementor-child,elementor;elementor-pro;zoho-crm-forms,3,,Elementor,Yoast SEO,,Kinsta,cloudflare,high,2026-10-03
19512331,vilanobikes.com,https://www.vilanobikes.com/,"Vilano Bikes - Affordable, Quality & Boards For Everyone",en-us,,,7.1.2,generatepress,,wp-rocket;wp-show-posts,2,,,Rank Math,,,cloudflare,high,2026-10-03
19513949,vg99.llc,https://vg99.llc/,VG99 - Trang Chủ Nhà Cái Cá Cược Số #1 Việt Nam,vi,,,7.1.2,flatsome,,wp-rocket,1,,,Rank Math,,,cloudflare,high,2026-10-03
19517352,vanessabuchner.de,https://www.vanessabuchner.de,HOME | VANESSA BUCHNER,de,DE,Germany,7.1.2,carbon,,complianz-gdpr;cubeportfolio;js_composer;masterslider;revslider;sticky-side-buttons;svg-support;ultimate_vc_addons;wp-rocket,9,,WPBakery,Yoast SEO,,,Apache,high,2026-10-03
19534158,towtw.com,https://towtw.com/,Home,,,,,,,,0,,,,,WP Engine,cloudflare,high,2026-10-03
19553327,tell-digital.com,https://tell-digital.com/,Tell-Digital : Solution SaaS au Service de la Technique et de la Qualité,fr-fr,,,6.9,tell-digital,,add-to-any;block-options;contact-form-7;cookie-law-info;menu-icons;wp-logo-showcase-responsive-slider-slider;wp-user-avatar,7,,,Yoast SEO,,,,high,2026-10-03
19571930,staticsoundsclub.com,https://staticsoundsclub.com/,"Static Sounds Club – For the love of great music with a focus on shoegaze, psyche and indie rock.",en,,,,WordPress.com theme,,gutenberg-blocks;gutenberg-core,2,,,,,WordPress.com / VIP,nginx,high,2026-10-03
19630388,raumgefluester.at,https://raumgefluester.at/,Ordnungscoaching & Feng Shui mit Carmen Berger-Steiner,de,AT,Austria,6.8.10,astra,,bb-plugin;complianz-gdpr;official-mailerlite-sign-up-forms,3,,Beaver Builder,Rank Math,,,raidberry,high,2026-10-03
19685310,noosamarina.com.au,https://noosamarina.com.au/,Noosa Marina - Noosa's premier tourist destination,en-au,AU,Australia,7.1.2,oxygen-is-not-a-theme,,contact-form-7;google-site-kit;oxygen,3,,Oxygen,Yoast SEO,,,LiteSpeed,high,2026-10-03
19733863,mailorderbridepro.com,https://mailorderbridepro.com/,Mail Order Bride Reviews – Information About Best Brides Online,en-us,,,7.1.2,cpm-diana,,cpm-core;cpm-holy-kit;cpm-site-reviews,3,,,Yoast SEO,,,cloudflare,high,2026-10-03
19735296,madhulikulkarni.in,https://madhulikulkarni.in/,Madhuli Kulkarni Academy,en-us,IN,India,7.1.2,astra,,astra-sites;elementor;essential-addons-for-elementor-lite;essential-blocks;everest-forms;header-footer-elementor;sina-extension-for-elementor,7,,Elementor,,,,LiteSpeed,high,2026-10-03
19736408,m2c.rs,https://m2c.rs/,M2Communications | Creative | Experience Design | Advertising - Kreativna agencija,en,RS,Serbia,,m2c2023,,contact-form-7;wp-rocket;wpcf7-redirect,3,,,Yoast SEO,,WP Engine,cloudflare,high,2026-10-03
19851339,frankiecarll.com,https://www.frankiecarll.com/,"Wedding Photographer | Scranton, PA - Frankie Carll Productions",en-us,,,7.1.2,divi,,supreme-modules-for-divi,1,,Divi,Yoast SEO,,,nginx,high,2026-10-03
19852264,foto-schwindsackl.at,https://foto-schwindsackl.at/,Foto-Schwindsackl – Ihr Fotograf,de,AT,Austria,7.0.6,photographer-wp,,cookie-law-info;feed-them-gallery;woocommerce;woocommerce-germanized,4,WooCommerce,,,,,Apache,high,2026-10-03
19859019,finacctech.com,https://finacctech.com/,FinAccTech – Your Trusted Partner,en-us,,,7.1.2,excitor,,contact-form-7;essential-grid;js_composer;revslider;ultimate_vc_addons,5,,WPBakery,,,,nginx,high,2026-10-03
